url	failed_classes
https://stotra.vastucart.in/deity/dattatreya	I,O
https://stotra.vastucart.in/day/thursday	I
https://stotra.vastucart.in/deity/ayyappa	I,O
https://stotra.vastucart.in/day/saturday	I
https://stotra.vastucart.in/day/wednesday	I
https://stotra.vastucart.in/day/friday	I
https://stotra.vastucart.in/day/sunday	I
https://stotra.vastucart.in/deity/bhairava	I,O
https://stotra.vastucart.in/deity/dhanvantari	I,O
https://stotra.vastucart.in/deity/agni	I,O
https://stotra.vastucart.in/deity	I
https://stotra.vastucart.in/deity/ganesha	I,O
https://stotra.vastucart.in/	D,H,I,O
https://stotra.vastucart.in/deity/hanuman	I,O
https://stotra.vastucart.in/day	I
https://stotra.vastucart.in/deity/kali	I,O
https://stotra.vastucart.in/deity/gayatri	I,O
https://stotra.vastucart.in/deity/ganga	I,O
https://stotra.vastucart.in/deity/indra	I,O
https://stotra.vastucart.in/deity/krishna	I,O
https://stotra.vastucart.in/deity/rama	I,O
https://stotra.vastucart.in/deity/lakshmi	I,O
https://stotra.vastucart.in/deity/saibaba	I,O
https://stotra.vastucart.in/day/monday	I
https://stotra.vastucart.in/deity/kartikeya	I,O
https://stotra.vastucart.in/deity/savitri	I,O
https://stotra.vastucart.in/deity/jagannath	I,O
https://stotra.vastucart.in/deity/shani	I,O
https://stotra.vastucart.in/deity/kubera	I,O
https://stotra.vastucart.in/deity/saraswati	I,O
https://stotra.vastucart.in/deity/navagraha	I,O
https://stotra.vastucart.in/day/tuesday	I
https://stotra.vastucart.in/deity/radha	I,O
https://stotra.vastucart.in/deity/surya	I,O
https://stotra.vastucart.in/deity/shiva	I,O
https://stotra.vastucart.in/deity/brahma	I,O
https://stotra.vastucart.in/deity/vitthal	I,O
https://stotra.vastucart.in/disclaimer	H
https://stotra.vastucart.in/editorial-process	I,O
https://stotra.vastucart.in/deity/sita	I,O
https://stotra.vastucart.in/festival/akshaya-tritiya	I
https://stotra.vastucart.in/deity/yama	I,O
https://stotra.vastucart.in/festival/dev-deepawali	I
https://stotra.vastucart.in/festival/chhath-puja	I
https://stotra.vastucart.in/festival/gita-jayanti	I
https://stotra.vastucart.in/festival/ekadashi	I
https://stotra.vastucart.in/festival/amavasya	I
https://stotra.vastucart.in/deity/vayu	I,O
https://stotra.vastucart.in/festival/ganesh-chaturthi	I
https://stotra.vastucart.in/festival/dattatreya-jayanti	I
https://stotra.vastucart.in/festival/diwali	I
https://stotra.vastucart.in/deity/parvati	I,O
https://stotra.vastucart.in/festival	I
https://stotra.vastucart.in/deity/narasimha	I,O
https://stotra.vastucart.in/festival/holika-dahan	I
https://stotra.vastucart.in/festival/karva-chauth	I
https://stotra.vastucart.in/festival/dussehra	I
https://stotra.vastucart.in/festival/guru-purnima	I
https://stotra.vastucart.in/festival/govardhan-puja	I
https://stotra.vastucart.in/festival/kartik-purnima	I
https://stotra.vastucart.in/festival/maha-navami	I
https://stotra.vastucart.in/festival/purnima	I
https://stotra.vastucart.in/festival/maha-shivaratri	I
https://stotra.vastucart.in/festival/pradosha	I
https://stotra.vastucart.in/festival/dhanteras	I
https://stotra.vastucart.in/festival/narasimha-jayanti	I
https://stotra.vastucart.in/festival/holi	I
https://stotra.vastucart.in/deity/durga	I,O
https://stotra.vastucart.in/festival/skanda-shashthi	I
https://stotra.vastucart.in/festival/hanuman-jayanti	I
https://stotra.vastucart.in/festival/saraswati-puja	I
https://stotra.vastucart.in/festival/ram-navami	I
https://stotra.vastucart.in/festival/nag-panchami	I
https://stotra.vastucart.in/festival/tulsi-vivah	I
https://stotra.vastucart.in/festival/anant-chaturdashi	I
https://stotra.vastucart.in/festival/ratha-saptami	I
https://stotra.vastucart.in/festival/vaikuntha-ekadashi	I
https://stotra.vastucart.in/festival/raksha-bandhan	I
https://stotra.vastucart.in/festival/vat-savitri	I
https://stotra.vastucart.in/gita	I,O
https://stotra.vastucart.in/gita/chapter-1/verse-10	I
https://stotra.vastucart.in/festival/sharad-purnima	I
https://stotra.vastucart.in/festival/vivaha-panchami	I
https://stotra.vastucart.in/gita/chapter-1/verse-14	I
https://stotra.vastucart.in/gita/chapter-1/verse-12	I
https://stotra.vastucart.in/festival/janmashtami	I
https://stotra.vastucart.in/deity/vishnu	I,O
https://stotra.vastucart.in/gita/chapter-1/verse-11	I
https://stotra.vastucart.in/gita/chapter-1/verse-13	I
https://stotra.vastucart.in/gita/chapter-1/verse-16	I
https://stotra.vastucart.in/festival/vasant-panchami	I
https://stotra.vastucart.in/gita/chapter-1/verse-17	I
https://stotra.vastucart.in/gita/chapter-1/verse-23	I
https://stotra.vastucart.in/gita/chapter-1	I,O
https://stotra.vastucart.in/gita/chapter-1/verse-20	I
https://stotra.vastucart.in/gita/chapter-1/verse-21	I
https://stotra.vastucart.in/gita/chapter-1/verse-19	I
https://stotra.vastucart.in/gita/chapter-1/verse-2	I
https://stotra.vastucart.in/gita/chapter-1/verse-24	I
https://stotra.vastucart.in/gita/chapter-1/verse-27	I
https://stotra.vastucart.in/gita/chapter-1/verse-1	I
https://stotra.vastucart.in/gita/chapter-1/verse-28	I
https://stotra.vastucart.in/gita/chapter-1/verse-29	I
https://stotra.vastucart.in/gita/chapter-1/verse-18	I
https://stotra.vastucart.in/gita/chapter-1/verse-30	I
https://stotra.vastucart.in/gita/chapter-1/verse-26	I
https://stotra.vastucart.in/gita/chapter-1/verse-34	I
https://stotra.vastucart.in/gita/chapter-1/verse-22	I
https://stotra.vastucart.in/gita/chapter-1/verse-31	I
https://stotra.vastucart.in/gita/chapter-1/verse-15	I
https://stotra.vastucart.in/gita/chapter-1/verse-37	I
https://stotra.vastucart.in/gita/chapter-1/verse-38	I
https://stotra.vastucart.in/gita/chapter-1/verse-39	I
https://stotra.vastucart.in/gita/chapter-1/verse-33	I
https://stotra.vastucart.in/gita/chapter-1/verse-36	I
https://stotra.vastucart.in/gita/chapter-1/verse-44	I
https://stotra.vastucart.in/gita/chapter-1/verse-42	I
https://stotra.vastucart.in/gita/chapter-1/verse-35	I
https://stotra.vastucart.in/festival/navratri	I
https://stotra.vastucart.in/gita/chapter-1/verse-25	I
https://stotra.vastucart.in/gita/chapter-1/verse-41	I
https://stotra.vastucart.in/gita/chapter-1/verse-3	I
https://stotra.vastucart.in/festival/makar-sankranti	I
https://stotra.vastucart.in/gita/chapter-1/verse-43	I
https://stotra.vastucart.in/gita/chapter-1/verse-7	I
https://stotra.vastucart.in/gita/chapter-1/verse-40	I
https://stotra.vastucart.in/gita/chapter-1/verse-32	I
https://stotra.vastucart.in/gita/chapter-1/verse-5	I
https://stotra.vastucart.in/gita/chapter-1/verse-45	I
https://stotra.vastucart.in/gita/chapter-10/verse-1	I
https://stotra.vastucart.in/gita/chapter-1/verse-47	I
https://stotra.vastucart.in/gita/chapter-1/verse-46	I
https://stotra.vastucart.in/gita/chapter-1/verse-4	I
https://stotra.vastucart.in/gita/chapter-10/verse-15	I
https://stotra.vastucart.in/gita/chapter-1/verse-6	I
https://stotra.vastucart.in/gita/chapter-10/verse-12	I
https://stotra.vastucart.in/gita/chapter-10/verse-14	I
https://stotra.vastucart.in/gita/chapter-10/verse-17	I
https://stotra.vastucart.in/gita/chapter-10/verse-10	I
https://stotra.vastucart.in/gita/chapter-1/verse-8	I
https://stotra.vastucart.in/gita/chapter-10/verse-24	I
https://stotra.vastucart.in/gita/chapter-10/verse-21	I
https://stotra.vastucart.in/gita/chapter-10/verse-18	I
https://stotra.vastucart.in/gita/chapter-10/verse-2	I
https://stotra.vastucart.in/gita/chapter-10/verse-22	I
https://stotra.vastucart.in/gita/chapter-10/verse-11	I
https://stotra.vastucart.in/gita/chapter-10/verse-16	I
https://stotra.vastucart.in/gita/chapter-10/verse-19	I
https://stotra.vastucart.in/gita/chapter-10/verse-20	I
https://stotra.vastucart.in/gita/chapter-1/verse-9	I
https://stotra.vastucart.in/gita/chapter-10/verse-27	I
https://stotra.vastucart.in/gita/chapter-10/verse-23	I
https://stotra.vastucart.in/gita/chapter-10/verse-25	I
https://stotra.vastucart.in/gita/chapter-10/verse-3	I
https://stotra.vastucart.in/gita/chapter-10/verse-31	I
https://stotra.vastucart.in/gita/chapter-10/verse-26	I
https://stotra.vastucart.in/gita/chapter-10	I,O
https://stotra.vastucart.in/gita/chapter-10/verse-28	I
https://stotra.vastucart.in/gita/chapter-10/verse-38	I
https://stotra.vastucart.in/gita/chapter-10/verse-29	I
https://stotra.vastucart.in/gita/chapter-10/verse-30	I
https://stotra.vastucart.in/gita/chapter-10/verse-34	I
https://stotra.vastucart.in/gita/chapter-10/verse-4	I
https://stotra.vastucart.in/gita/chapter-10/verse-40	I
https://stotra.vastucart.in/gita/chapter-10/verse-42	I
https://stotra.vastucart.in/gita/chapter-10/verse-36	I
https://stotra.vastucart.in/gita/chapter-10/verse-32	I
https://stotra.vastucart.in/gita/chapter-10/verse-35	I
https://stotra.vastucart.in/gita/chapter-11	I,O
https://stotra.vastucart.in/gita/chapter-10/verse-9	I
https://stotra.vastucart.in/gita/chapter-10/verse-7	I
https://stotra.vastucart.in/gita/chapter-10/verse-41	I
https://stotra.vastucart.in/gita/chapter-10/verse-39	I
https://stotra.vastucart.in/gita/chapter-11/verse-13	I
https://stotra.vastucart.in/gita/chapter-10/verse-8	I
https://stotra.vastucart.in/gita/chapter-10/verse-37	I
https://stotra.vastucart.in/gita/chapter-10/verse-5	I
https://stotra.vastucart.in/gita/chapter-11/verse-10	I
https://stotra.vastucart.in/gita/chapter-11/verse-1	I
https://stotra.vastucart.in/gita/chapter-11/verse-16	I
https://stotra.vastucart.in/gita/chapter-10/verse-6	I
https://stotra.vastucart.in/gita/chapter-10/verse-33	I
https://stotra.vastucart.in/gita/chapter-11/verse-15	I
https://stotra.vastucart.in/gita/chapter-11/verse-12	I
https://stotra.vastucart.in/gita/chapter-11/verse-21	I
https://stotra.vastucart.in/gita/chapter-11/verse-19	I
https://stotra.vastucart.in/gita/chapter-11/verse-14	I
https://stotra.vastucart.in/gita/chapter-11/verse-23	I
https://stotra.vastucart.in/gita/chapter-11/verse-18	I
https://stotra.vastucart.in/gita/chapter-11/verse-22	I
https://stotra.vastucart.in/gita/chapter-10/verse-13	I
https://stotra.vastucart.in/gita/chapter-11/verse-20	I
https://stotra.vastucart.in/gita/chapter-11/verse-17	I
https://stotra.vastucart.in/gita/chapter-11/verse-24	I
https://stotra.vastucart.in/gita/chapter-11/verse-30	I
https://stotra.vastucart.in/gita/chapter-11/verse-2	I
https://stotra.vastucart.in/gita/chapter-11/verse-27	I
https://stotra.vastucart.in/gita/chapter-11/verse-28	I
https://stotra.vastucart.in/gita/chapter-11/verse-3	I
https://stotra.vastucart.in/gita/chapter-11/verse-26	I
https://stotra.vastucart.in/gita/chapter-11/verse-11	I
https://stotra.vastucart.in/gita/chapter-11/verse-29	I
https://stotra.vastucart.in/gita/chapter-11/verse-25	I
https://stotra.vastucart.in/gita/chapter-11/verse-35	I
https://stotra.vastucart.in/gita/chapter-11/verse-36	I
https://stotra.vastucart.in/gita/chapter-11/verse-41	I
https://stotra.vastucart.in/gita/chapter-11/verse-31	I
https://stotra.vastucart.in/gita/chapter-11/verse-43	I
https://stotra.vastucart.in/gita/chapter-11/verse-4	I
https://stotra.vastucart.in/gita/chapter-11/verse-40	I
https://stotra.vastucart.in/gita/chapter-11/verse-37	I
https://stotra.vastucart.in/gita/chapter-11/verse-44	I
https://stotra.vastucart.in/gita/chapter-11/verse-32	I
https://stotra.vastucart.in/gita/chapter-11/verse-42	I
https://stotra.vastucart.in/gita/chapter-11/verse-34	I
https://stotra.vastucart.in/gita/chapter-11/verse-39	I
https://stotra.vastucart.in/gita/chapter-11/verse-45	I
https://stotra.vastucart.in/gita/chapter-11/verse-38	I
https://stotra.vastucart.in/gita/chapter-11/verse-48	I
https://stotra.vastucart.in/gita/chapter-11/verse-50	I
https://stotra.vastucart.in/gita/chapter-11/verse-47	I
https://stotra.vastucart.in/gita/chapter-11/verse-5	I
https://stotra.vastucart.in/gita/chapter-11/verse-54	I
https://stotra.vastucart.in/gita/chapter-11/verse-49	I
https://stotra.vastucart.in/gita/chapter-11/verse-6	I
https://stotra.vastucart.in/gita/chapter-12	I,O
https://stotra.vastucart.in/gita/chapter-11/verse-53	I
https://stotra.vastucart.in/gita/chapter-12/verse-10	I
https://stotra.vastucart.in/gita/chapter-11/verse-8	I
https://stotra.vastucart.in/gita/chapter-11/verse-7	I
https://stotra.vastucart.in/gita/chapter-12/verse-1	I
https://stotra.vastucart.in/gita/chapter-11/verse-52	I
https://stotra.vastucart.in/gita/chapter-12/verse-11	I
https://stotra.vastucart.in/gita/chapter-12/verse-18	I
https://stotra.vastucart.in/gita/chapter-12/verse-15	I
https://stotra.vastucart.in/gita/chapter-11/verse-46	I
https://stotra.vastucart.in/gita/chapter-12/verse-12	I
https://stotra.vastucart.in/gita/chapter-11/verse-33	I
https://stotra.vastucart.in/gita/chapter-12/verse-17	I
https://stotra.vastucart.in/gita/chapter-11/verse-9	I
https://stotra.vastucart.in/gita/chapter-12/verse-14	I
https://stotra.vastucart.in/gita/chapter-12/verse-5	I
https://stotra.vastucart.in/gita/chapter-12/verse-16	I
https://stotra.vastucart.in/gita/chapter-12/verse-2	I
https://stotra.vastucart.in/gita/chapter-12/verse-9	I
https://stotra.vastucart.in/gita/chapter-11/verse-55	I
https://stotra.vastucart.in/gita/chapter-12/verse-3	I
https://stotra.vastucart.in/gita/chapter-12/verse-4	I
https://stotra.vastucart.in/gita/chapter-12/verse-13	I
https://stotra.vastucart.in/gita/chapter-12/verse-19	I
https://stotra.vastucart.in/gita/chapter-12/verse-20	I
https://stotra.vastucart.in/gita/chapter-13/verse-13	I
https://stotra.vastucart.in/gita/chapter-13/verse-12	I
https://stotra.vastucart.in/gita/chapter-12/verse-7	I
https://stotra.vastucart.in/gita/chapter-12/verse-8	I
https://stotra.vastucart.in/gita/chapter-13/verse-1	I
https://stotra.vastucart.in/gita/chapter-13/verse-11	I
https://stotra.vastucart.in/gita/chapter-13	I,O
https://stotra.vastucart.in/gita/chapter-12/verse-6	I
https://stotra.vastucart.in/gita/chapter-13/verse-15	I
https://stotra.vastucart.in/gita/chapter-13/verse-14	I
https://stotra.vastucart.in/gita/chapter-13/verse-21	I
https://stotra.vastucart.in/gita/chapter-13/verse-16	I
https://stotra.vastucart.in/gita/chapter-11/verse-51	I
https://stotra.vastucart.in/gita/chapter-13/verse-22	I
https://stotra.vastucart.in/gita/chapter-13/verse-17	I
https://stotra.vastucart.in/gita/chapter-13/verse-19	I
https://stotra.vastucart.in/gita/chapter-13/verse-18	I
https://stotra.vastucart.in/gita/chapter-13/verse-29	I
https://stotra.vastucart.in/gita/chapter-13/verse-27	I
https://stotra.vastucart.in/gita/chapter-13/verse-2	I
https://stotra.vastucart.in/gita/chapter-13/verse-23	I
https://stotra.vastucart.in/gita/chapter-13/verse-24	I
https://stotra.vastucart.in/gita/chapter-13/verse-10	I
https://stotra.vastucart.in/gita/chapter-13/verse-32	I
https://stotra.vastucart.in/gita/chapter-13/verse-20	I
https://stotra.vastucart.in/gita/chapter-13/verse-25	I
https://stotra.vastucart.in/gita/chapter-13/verse-5	I
https://stotra.vastucart.in/gita/chapter-13/verse-30	I
https://stotra.vastucart.in/gita/chapter-13/verse-28	I
https://stotra.vastucart.in/gita/chapter-13/verse-34	I
https://stotra.vastucart.in/gita/chapter-13/verse-35	I
https://stotra.vastucart.in/gita/chapter-13/verse-4	I
https://stotra.vastucart.in/gita/chapter-13/verse-31	I
https://stotra.vastucart.in/gita/chapter-13/verse-26	I
https://stotra.vastucart.in/gita/chapter-13/verse-8	I
https://stotra.vastucart.in/gita/chapter-14/verse-12	I
https://stotra.vastucart.in/gita/chapter-13/verse-7	I
https://stotra.vastucart.in/gita/chapter-13/verse-9	I
https://stotra.vastucart.in/gita/chapter-13/verse-3	I
https://stotra.vastucart.in/gita/chapter-14/verse-11	I
https://stotra.vastucart.in/gita/chapter-13/verse-6	I
https://stotra.vastucart.in/gita/chapter-14/verse-1	I
https://stotra.vastucart.in/gita/chapter-14/verse-13	I
https://stotra.vastucart.in/gita/chapter-14/verse-2	I
https://stotra.vastucart.in/gita/chapter-14/verse-16	I
https://stotra.vastucart.in/gita/chapter-14/verse-18	I
https://stotra.vastucart.in/gita/chapter-14/verse-15	I
https://stotra.vastucart.in/gita/chapter-14/verse-19	I
https://stotra.vastucart.in/gita/chapter-14/verse-14	I
https://stotra.vastucart.in/gita/chapter-14/verse-24	I
https://stotra.vastucart.in/gita/chapter-13/verse-33	I
https://stotra.vastucart.in/gita/chapter-14/verse-21	I
https://stotra.vastucart.in/gita/chapter-14/verse-10	I
https://stotra.vastucart.in/gita/chapter-14/verse-26	I
https://stotra.vastucart.in/gita/chapter-14/verse-3	I
https://stotra.vastucart.in/gita/chapter-14/verse-5	I
https://stotra.vastucart.in/gita/chapter-14/verse-20	I
https://stotra.vastucart.in/gita/chapter-14/verse-8	I
https://stotra.vastucart.in/gita/chapter-14/verse-6	I
https://stotra.vastucart.in/gita/chapter-14/verse-17	I
https://stotra.vastucart.in/gita/chapter-14/verse-4	I
https://stotra.vastucart.in/gita/chapter-14	I,O
https://stotra.vastucart.in/gita/chapter-15/verse-11	I
https://stotra.vastucart.in/gita/chapter-14/verse-27	I
https://stotra.vastucart.in/gita/chapter-14/verse-7	I
https://stotra.vastucart.in/gita/chapter-15	I,O
https://stotra.vastucart.in/gita/chapter-15/verse-10	I
https://stotra.vastucart.in/gita/chapter-14/verse-25	I
https://stotra.vastucart.in/gita/chapter-14/verse-9	I
https://stotra.vastucart.in/gita/chapter-15/verse-12	I
https://stotra.vastucart.in/gita/chapter-15/verse-19	I
https://stotra.vastucart.in/gita/chapter-15/verse-13	I
https://stotra.vastucart.in/gita/chapter-15/verse-1	I
https://stotra.vastucart.in/gita/chapter-15/verse-4	I
https://stotra.vastucart.in/gita/chapter-14/verse-23	I
https://stotra.vastucart.in/gita/chapter-15/verse-16	I
https://stotra.vastucart.in/gita/chapter-15/verse-14	I
https://stotra.vastucart.in/gita/chapter-15/verse-5	I
https://stotra.vastucart.in/gita/chapter-15/verse-3	I
https://stotra.vastucart.in/gita/chapter-14/verse-22	I
https://stotra.vastucart.in/gita/chapter-15/verse-7	I
https://stotra.vastucart.in/gita/chapter-15/verse-18	I
https://stotra.vastucart.in/gita/chapter-16	I,O
https://stotra.vastucart.in/gita/chapter-15/verse-6	I
https://stotra.vastucart.in/gita/chapter-15/verse-2	I
https://stotra.vastucart.in/gita/chapter-16/verse-10	I
https://stotra.vastucart.in/gita/chapter-16/verse-11	I
https://stotra.vastucart.in/gita/chapter-15/verse-17	I
https://stotra.vastucart.in/gita/chapter-16/verse-13	I
https://stotra.vastucart.in/gita/chapter-15/verse-8	I
https://stotra.vastucart.in/gita/chapter-15/verse-9	I
https://stotra.vastucart.in/gita/chapter-16/verse-16	I
https://stotra.vastucart.in/gita/chapter-15/verse-15	I
https://stotra.vastucart.in/gita/chapter-16/verse-20	I
https://stotra.vastucart.in/gita/chapter-16/verse-19	I
https://stotra.vastucart.in/gita/chapter-16/verse-18	I
https://stotra.vastucart.in/gita/chapter-16/verse-14	I
https://stotra.vastucart.in/gita/chapter-16/verse-12	I
https://stotra.vastucart.in/gita/chapter-16/verse-1	I
https://stotra.vastucart.in/gita/chapter-16/verse-15	I
https://stotra.vastucart.in/gita/chapter-16/verse-24	I
https://stotra.vastucart.in/gita/chapter-16/verse-2	I
https://stotra.vastucart.in/gita/chapter-16/verse-22	I
https://stotra.vastucart.in/gita/chapter-16/verse-8	I
https://stotra.vastucart.in/gita/chapter-16/verse-5	I
https://stotra.vastucart.in/gita/chapter-16/verse-7	I
https://stotra.vastucart.in/gita/chapter-16/verse-17	I
https://stotra.vastucart.in/gita/chapter-16/verse-21	I
https://stotra.vastucart.in/gita/chapter-17/verse-10	I
https://stotra.vastucart.in/gita/chapter-16/verse-3	I
https://stotra.vastucart.in/gita/chapter-16/verse-6	I
https://stotra.vastucart.in/gita/chapter-17/verse-12	I
https://stotra.vastucart.in/gita/chapter-16/verse-4	I
https://stotra.vastucart.in/gita/chapter-17/verse-13	I
https://stotra.vastucart.in/gita/chapter-16/verse-23	I
https://stotra.vastucart.in/gita/chapter-17/verse-15	I
https://stotra.vastucart.in/gita/chapter-16/verse-9	I
https://stotra.vastucart.in/gita/chapter-17/verse-2	I
https://stotra.vastucart.in/gita/chapter-17/verse-17	I
https://stotra.vastucart.in/gita/chapter-17/verse-11	I
https://stotra.vastucart.in/gita/chapter-17/verse-14	I
https://stotra.vastucart.in/gita/chapter-17/verse-24	I
https://stotra.vastucart.in/gita/chapter-17/verse-25	I
https://stotra.vastucart.in/gita/chapter-17/verse-19	I
https://stotra.vastucart.in/gita/chapter-17/verse-1	I
https://stotra.vastucart.in/gita/chapter-17/verse-26	I
https://stotra.vastucart.in/gita/chapter-17/verse-28	I
https://stotra.vastucart.in/gita/chapter-17/verse-21	I
https://stotra.vastucart.in/gita/chapter-17/verse-16	I
https://stotra.vastucart.in/gita/chapter-17/verse-20	I
https://stotra.vastucart.in/gita/chapter-17/verse-5	I
https://stotra.vastucart.in/gita/chapter-17	I,O
https://stotra.vastucart.in/gita/chapter-17/verse-6	I
https://stotra.vastucart.in/gita/chapter-17/verse-23	I
https://stotra.vastucart.in/gita/chapter-17/verse-4	I
https://stotra.vastucart.in/gita/chapter-18/verse-10	I
https://stotra.vastucart.in/gita/chapter-18	I,O
https://stotra.vastucart.in/gita/chapter-17/verse-8	I
https://stotra.vastucart.in/gita/chapter-18/verse-11	I
https://stotra.vastucart.in/gita/chapter-17/verse-27	I
https://stotra.vastucart.in/gita/chapter-18/verse-13	I
https://stotra.vastucart.in/gita/chapter-17/verse-9	I
https://stotra.vastucart.in/gita/chapter-17/verse-3	I
https://stotra.vastucart.in/gita/chapter-18/verse-15	I
https://stotra.vastucart.in/gita/chapter-18/verse-19	I
https://stotra.vastucart.in/gita/chapter-17/verse-22	I
https://stotra.vastucart.in/gita/chapter-18/verse-20	I
https://stotra.vastucart.in/gita/chapter-18/verse-12	I
https://stotra.vastucart.in/gita/chapter-17/verse-7	I
https://stotra.vastucart.in/gita/chapter-18/verse-14	I
https://stotra.vastucart.in/gita/chapter-15/verse-20	I
https://stotra.vastucart.in/gita/chapter-18/verse-18	I
https://stotra.vastucart.in/gita/chapter-17/verse-18	I
https://stotra.vastucart.in/gita/chapter-18/verse-16	I
https://stotra.vastucart.in/gita/chapter-18/verse-24	I
https://stotra.vastucart.in/gita/chapter-18/verse-17	I
https://stotra.vastucart.in/gita/chapter-18/verse-1	I
https://stotra.vastucart.in/gita/chapter-18/verse-27	I
https://stotra.vastucart.in/gita/chapter-18/verse-26	I
https://stotra.vastucart.in/gita/chapter-18/verse-29	I
https://stotra.vastucart.in/gita/chapter-18/verse-2	I
https://stotra.vastucart.in/gita/chapter-18/verse-30	I
https://stotra.vastucart.in/gita/chapter-18/verse-23	I
https://stotra.vastucart.in/gita/chapter-18/verse-34	I
https://stotra.vastucart.in/gita/chapter-18/verse-32	I
https://stotra.vastucart.in/gita/chapter-18/verse-3	I
https://stotra.vastucart.in/gita/chapter-18/verse-21	I
https://stotra.vastucart.in/gita/chapter-18/verse-35	I
https://stotra.vastucart.in/gita/chapter-18/verse-25	I
https://stotra.vastucart.in/gita/chapter-18/verse-38	I
https://stotra.vastucart.in/gita/chapter-18/verse-22	I
https://stotra.vastucart.in/gita/chapter-18/verse-31	I
https://stotra.vastucart.in/gita/chapter-18/verse-37	I
https://stotra.vastucart.in/gita/chapter-18/verse-28	I
https://stotra.vastucart.in/gita/chapter-18/verse-36	I
https://stotra.vastucart.in/gita/chapter-18/verse-4	I
https://stotra.vastucart.in/gita/chapter-18/verse-44	I
https://stotra.vastucart.in/gita/chapter-18/verse-46	I
https://stotra.vastucart.in/gita/chapter-18/verse-43	I
https://stotra.vastucart.in/gita/chapter-18/verse-41	I
https://stotra.vastucart.in/gita/chapter-18/verse-49	I
https://stotra.vastucart.in/gita/chapter-18/verse-51	I
https://stotra.vastucart.in/gita/chapter-18/verse-42	I
https://stotra.vastucart.in/gita/chapter-18/verse-48	I
https://stotra.vastucart.in/gita/chapter-18/verse-39	I
https://stotra.vastucart.in/gita/chapter-18/verse-55	I
https://stotra.vastucart.in/gita/chapter-18/verse-5	I
https://stotra.vastucart.in/gita/chapter-18/verse-52	I
https://stotra.vastucart.in/gita/chapter-18/verse-40	I
https://stotra.vastucart.in/gita/chapter-18/verse-58	I
https://stotra.vastucart.in/gita/chapter-18/verse-45	I
https://stotra.vastucart.in/gita/chapter-18/verse-57	I
https://stotra.vastucart.in/gita/chapter-18/verse-47	I
https://stotra.vastucart.in/gita/chapter-18/verse-33	I
https://stotra.vastucart.in/gita/chapter-18/verse-60	I
https://stotra.vastucart.in/gita/chapter-18/verse-67	I
https://stotra.vastucart.in/gita/chapter-18/verse-63	I
https://stotra.vastucart.in/gita/chapter-18/verse-56	I
https://stotra.vastucart.in/gita/chapter-18/verse-64	I
https://stotra.vastucart.in/gita/chapter-18/verse-69	I
https://stotra.vastucart.in/gita/chapter-18/verse-61	I
https://stotra.vastucart.in/gita/chapter-18/verse-50	I
https://stotra.vastucart.in/gita/chapter-18/verse-54	I
https://stotra.vastucart.in/gita/chapter-18/verse-70	I
https://stotra.vastucart.in/gita/chapter-18/verse-62	I
https://stotra.vastucart.in/gita/chapter-18/verse-7	I
https://stotra.vastucart.in/gita/chapter-18/verse-65	I
https://stotra.vastucart.in/gita/chapter-18/verse-66	I
https://stotra.vastucart.in/gita/chapter-18/verse-77	I
https://stotra.vastucart.in/gita/chapter-18/verse-71	I
https://stotra.vastucart.in/gita/chapter-18/verse-68	I
https://stotra.vastucart.in/gita/chapter-18/verse-9	I
https://stotra.vastucart.in/gita/chapter-18/verse-59	I
https://stotra.vastucart.in/gita/chapter-18/verse-53	I
https://stotra.vastucart.in/gita/chapter-18/verse-78	I
https://stotra.vastucart.in/gita/chapter-18/verse-73	I
https://stotra.vastucart.in/gita/chapter-18/verse-8	I
https://stotra.vastucart.in/gita/chapter-18/verse-74	I
https://stotra.vastucart.in/gita/chapter-18/verse-76	I
https://stotra.vastucart.in/gita/chapter-2	I,O
https://stotra.vastucart.in/gita/chapter-2/verse-15	I
https://stotra.vastucart.in/gita/chapter-2/verse-12	I
https://stotra.vastucart.in/gita/chapter-18/verse-75	I
https://stotra.vastucart.in/gita/chapter-2/verse-17	I
https://stotra.vastucart.in/gita/chapter-2/verse-10	I
https://stotra.vastucart.in/gita/chapter-2/verse-2	I
https://stotra.vastucart.in/gita/chapter-18/verse-6	I
https://stotra.vastucart.in/gita/chapter-2/verse-19	I
https://stotra.vastucart.in/gita/chapter-2/verse-1	I
https://stotra.vastucart.in/gita/chapter-18/verse-72	I
https://stotra.vastucart.in/gita/chapter-2/verse-18	I
https://stotra.vastucart.in/gita/chapter-2/verse-23	I
https://stotra.vastucart.in/gita/chapter-2/verse-13	I
https://stotra.vastucart.in/gita/chapter-2/verse-16	I
https://stotra.vastucart.in/gita/chapter-2/verse-20	I
https://stotra.vastucart.in/gita/chapter-2/verse-14	I
https://stotra.vastucart.in/gita/chapter-2/verse-29	I
https://stotra.vastucart.in/gita/chapter-2/verse-22	I
https://stotra.vastucart.in/gita/chapter-2/verse-31	I
https://stotra.vastucart.in/gita/chapter-2/verse-21	I
https://stotra.vastucart.in/gita/chapter-2/verse-30	I
https://stotra.vastucart.in/gita/chapter-2/verse-34	I
https://stotra.vastucart.in/gita/chapter-2/verse-26	I
https://stotra.vastucart.in/gita/chapter-2/verse-33	I
https://stotra.vastucart.in/gita/chapter-2/verse-24	I
https://stotra.vastucart.in/gita/chapter-2/verse-25	I
https://stotra.vastucart.in/gita/chapter-2/verse-11	I
https://stotra.vastucart.in/gita/chapter-2/verse-35	I
https://stotra.vastucart.in/gita/chapter-2/verse-4	I
https://stotra.vastucart.in/gita/chapter-2/verse-36	I
https://stotra.vastucart.in/gita/chapter-2/verse-32	I
https://stotra.vastucart.in/gita/chapter-2/verse-44	I
https://stotra.vastucart.in/gita/chapter-2/verse-42	I
https://stotra.vastucart.in/gita/chapter-2/verse-38	I
https://stotra.vastucart.in/gita/chapter-2/verse-28	I
https://stotra.vastucart.in/gita/chapter-2/verse-27	I
https://stotra.vastucart.in/gita/chapter-2/verse-43	I
https://stotra.vastucart.in/gita/chapter-2/verse-46	I
https://stotra.vastucart.in/gita/chapter-2/verse-37	I
https://stotra.vastucart.in/gita/chapter-2/verse-40	I
https://stotra.vastucart.in/gita/chapter-2/verse-49	I
https://stotra.vastucart.in/gita/chapter-2/verse-53	I
https://stotra.vastucart.in/gita/chapter-2/verse-52	I
https://stotra.vastucart.in/gita/chapter-2/verse-47	I
https://stotra.vastucart.in/gita/chapter-2/verse-41	I
https://stotra.vastucart.in/gita/chapter-2/verse-55	I
https://stotra.vastucart.in/gita/chapter-2/verse-48	I
https://stotra.vastucart.in/gita/chapter-2/verse-58	I
https://stotra.vastucart.in/gita/chapter-2/verse-45	I
https://stotra.vastucart.in/gita/chapter-2/verse-5	I
https://stotra.vastucart.in/gita/chapter-2/verse-54	I
https://stotra.vastucart.in/gita/chapter-2/verse-50	I
https://stotra.vastucart.in/gita/chapter-2/verse-63	I
https://stotra.vastucart.in/gita/chapter-2/verse-64	I
https://stotra.vastucart.in/gita/chapter-2/verse-51	I
https://stotra.vastucart.in/gita/chapter-2/verse-56	I
https://stotra.vastucart.in/gita/chapter-2/verse-60	I
https://stotra.vastucart.in/gita/chapter-2/verse-61	I
https://stotra.vastucart.in/gita/chapter-2/verse-3	I
https://stotra.vastucart.in/gita/chapter-2/verse-62	I
https://stotra.vastucart.in/gita/chapter-2/verse-69	I
https://stotra.vastucart.in/gita/chapter-2/verse-66	I
https://stotra.vastucart.in/gita/chapter-2/verse-70	I
https://stotra.vastucart.in/gita/chapter-2/verse-71	I
https://stotra.vastucart.in/gita/chapter-2/verse-65	I
https://stotra.vastucart.in/gita/chapter-2/verse-72	I
https://stotra.vastucart.in/gita/chapter-2/verse-59	I
https://stotra.vastucart.in/gita/chapter-2/verse-9	I
https://stotra.vastucart.in/gita/chapter-2/verse-68	I
https://stotra.vastucart.in/gita/chapter-2/verse-67	I
https://stotra.vastucart.in/gita/chapter-2/verse-39	I
https://stotra.vastucart.in/gita/chapter-2/verse-7	I
https://stotra.vastucart.in/gita/chapter-3/verse-12	I
https://stotra.vastucart.in/gita/chapter-2/verse-8	I
https://stotra.vastucart.in/gita/chapter-2/verse-6	I
https://stotra.vastucart.in/gita/chapter-3/verse-19	I
https://stotra.vastucart.in/gita/chapter-3/verse-11	I
https://stotra.vastucart.in/gita/chapter-3	I,O
https://stotra.vastucart.in/gita/chapter-3/verse-15	I
https://stotra.vastucart.in/gita/chapter-3/verse-21	I
https://stotra.vastucart.in/gita/chapter-3/verse-14	I
https://stotra.vastucart.in/gita/chapter-3/verse-20	I
https://stotra.vastucart.in/gita/chapter-3/verse-23	I
https://stotra.vastucart.in/gita/chapter-3/verse-10	I
https://stotra.vastucart.in/gita/chapter-3/verse-2	I
https://stotra.vastucart.in/gita/chapter-3/verse-16	I
https://stotra.vastucart.in/gita/chapter-3/verse-13	I
https://stotra.vastucart.in/gita/chapter-3/verse-27	I
https://stotra.vastucart.in/gita/chapter-3/verse-18	I
https://stotra.vastucart.in/gita/chapter-3/verse-24	I
https://stotra.vastucart.in/gita/chapter-3/verse-1	I
https://stotra.vastucart.in/gita/chapter-3/verse-30	I
https://stotra.vastucart.in/gita/chapter-3/verse-22	I
https://stotra.vastucart.in/gita/chapter-3/verse-34	I
https://stotra.vastucart.in/gita/chapter-3/verse-33	I
https://stotra.vastucart.in/gita/chapter-3/verse-29	I
https://stotra.vastucart.in/gita/chapter-3/verse-26	I
https://stotra.vastucart.in/gita/chapter-3/verse-17	I
https://stotra.vastucart.in/gita/chapter-3/verse-32	I
https://stotra.vastucart.in/gita/chapter-3/verse-35	I
https://stotra.vastucart.in/gita/chapter-3/verse-3	I
https://stotra.vastucart.in/gita/chapter-3/verse-38	I
https://stotra.vastucart.in/gita/chapter-3/verse-25	I
https://stotra.vastucart.in/gita/chapter-3/verse-31	I
https://stotra.vastucart.in/gita/chapter-3/verse-39	I
https://stotra.vastucart.in/gita/chapter-3/verse-43	I
https://stotra.vastucart.in/gita/chapter-3/verse-36	I
https://stotra.vastucart.in/gita/chapter-3/verse-28	I
https://stotra.vastucart.in/gita/chapter-3/verse-40	I
https://stotra.vastucart.in/gita/chapter-3/verse-9	I
https://stotra.vastucart.in/gita/chapter-3/verse-6	I
https://stotra.vastucart.in/gita/chapter-3/verse-37	I
https://stotra.vastucart.in/gita/chapter-3/verse-4	I
https://stotra.vastucart.in/gita/chapter-4/verse-11	I
https://stotra.vastucart.in/gita/chapter-4/verse-10	I
https://stotra.vastucart.in/gita/chapter-4	I,O
https://stotra.vastucart.in/gita/chapter-3/verse-42	I
https://stotra.vastucart.in/gita/chapter-4/verse-13	I
https://stotra.vastucart.in/gita/chapter-4/verse-14	I
https://stotra.vastucart.in/gita/chapter-3/verse-5	I
https://stotra.vastucart.in/gita/chapter-3/verse-7	I
https://stotra.vastucart.in/gita/chapter-4/verse-1	I
https://stotra.vastucart.in/gita/chapter-4/verse-15	I
https://stotra.vastucart.in/gita/chapter-3/verse-41	I
https://stotra.vastucart.in/gita/chapter-4/verse-24	I
https://stotra.vastucart.in/gita/chapter-4/verse-17	I
https://stotra.vastucart.in/gita/chapter-4/verse-22	I
https://stotra.vastucart.in/gita/chapter-4/verse-18	I
https://stotra.vastucart.in/gita/chapter-2/verse-57	I
https://stotra.vastucart.in/gita/chapter-4/verse-27	I
https://stotra.vastucart.in/gita/chapter-4/verse-20	I
https://stotra.vastucart.in/gita/chapter-4/verse-16	I
https://stotra.vastucart.in/gita/chapter-4/verse-21	I
https://stotra.vastucart.in/gita/chapter-4/verse-2	I
https://stotra.vastucart.in/gita/chapter-4/verse-23	I
https://stotra.vastucart.in/gita/chapter-4/verse-12	I
https://stotra.vastucart.in/gita/chapter-4/verse-30	I
https://stotra.vastucart.in/gita/chapter-4/verse-25	I
https://stotra.vastucart.in/gita/chapter-4/verse-32	I
https://stotra.vastucart.in/gita/chapter-4/verse-36	I
https://stotra.vastucart.in/gita/chapter-4/verse-38	I
https://stotra.vastucart.in/gita/chapter-4/verse-26	I
https://stotra.vastucart.in/gita/chapter-4/verse-19	I
https://stotra.vastucart.in/gita/chapter-4/verse-29	I
https://stotra.vastucart.in/gita/chapter-4/verse-28	I
https://stotra.vastucart.in/gita/chapter-4/verse-37	I
https://stotra.vastucart.in/gita/chapter-4/verse-3	I
https://stotra.vastucart.in/gita/chapter-4/verse-4	I
https://stotra.vastucart.in/gita/chapter-4/verse-35	I
https://stotra.vastucart.in/gita/chapter-4/verse-7	I
https://stotra.vastucart.in/gita/chapter-4/verse-39	I
https://stotra.vastucart.in/gita/chapter-4/verse-9	I
https://stotra.vastucart.in/gita/chapter-4/verse-34	I
https://stotra.vastucart.in/gita/chapter-4/verse-33	I
https://stotra.vastucart.in/gita/chapter-4/verse-42	I
https://stotra.vastucart.in/gita/chapter-4/verse-5	I
https://stotra.vastucart.in/gita/chapter-4/verse-6	I
https://stotra.vastucart.in/gita/chapter-4/verse-31	I
https://stotra.vastucart.in/gita/chapter-5/verse-10	I
https://stotra.vastucart.in/gita/chapter-5/verse-13	I
https://stotra.vastucart.in/gita/chapter-5/verse-1	I
https://stotra.vastucart.in/gita/chapter-4/verse-41	I
https://stotra.vastucart.in/gita/chapter-5	I,O
https://stotra.vastucart.in/gita/chapter-5/verse-16	I
https://stotra.vastucart.in/gita/chapter-5/verse-2	I
https://stotra.vastucart.in/gita/chapter-5/verse-21	I
https://stotra.vastucart.in/gita/chapter-5/verse-11	I
https://stotra.vastucart.in/gita/chapter-4/verse-40	I
https://stotra.vastucart.in/gita/chapter-5/verse-18	I
https://stotra.vastucart.in/gita/chapter-5/verse-15	I
https://stotra.vastucart.in/gita/chapter-5/verse-12	I
https://stotra.vastucart.in/gita/chapter-5/verse-14	I
https://stotra.vastucart.in/gita/chapter-5/verse-24	I
https://stotra.vastucart.in/gita/chapter-5/verse-20	I
https://stotra.vastucart.in/gita/chapter-5/verse-19	I
https://stotra.vastucart.in/gita/chapter-5/verse-29	I
https://stotra.vastucart.in/gita/chapter-5/verse-27	I
https://stotra.vastucart.in/gita/chapter-5/verse-22	I
https://stotra.vastucart.in/gita/chapter-5/verse-5	I
https://stotra.vastucart.in/gita/chapter-5/verse-3	I
https://stotra.vastucart.in/gita/chapter-5/verse-8	I
https://stotra.vastucart.in/gita/chapter-5/verse-17	I
https://stotra.vastucart.in/gita/chapter-5/verse-23	I
https://stotra.vastucart.in/gita/chapter-5/verse-26	I
https://stotra.vastucart.in/gita/chapter-5/verse-4	I
https://stotra.vastucart.in/gita/chapter-3/verse-8	I
https://stotra.vastucart.in/gita/chapter-6/verse-12	I
https://stotra.vastucart.in/gita/chapter-5/verse-9	I
https://stotra.vastucart.in/gita/chapter-6/verse-1	I
https://stotra.vastucart.in/gita/chapter-6/verse-14	I
https://stotra.vastucart.in/gita/chapter-5/verse-7	I
https://stotra.vastucart.in/gita/chapter-6/verse-16	I
https://stotra.vastucart.in/gita/chapter-6/verse-13	I
https://stotra.vastucart.in/gita/chapter-6/verse-15	I
https://stotra.vastucart.in/gita/chapter-6/verse-2	I
https://stotra.vastucart.in/gita/chapter-6/verse-17	I
https://stotra.vastucart.in/gita/chapter-5/verse-25	I
https://stotra.vastucart.in/gita/chapter-5/verse-28	I
https://stotra.vastucart.in/gita/chapter-6/verse-10	I
https://stotra.vastucart.in/gita/chapter-6/verse-24	I
https://stotra.vastucart.in/gita/chapter-6/verse-27	I
https://stotra.vastucart.in/gita/chapter-6/verse-25	I
https://stotra.vastucart.in/gita/chapter-6	I,O
https://stotra.vastucart.in/gita/chapter-6/verse-26	I
https://stotra.vastucart.in/gita/chapter-6/verse-21	I
https://stotra.vastucart.in/gita/chapter-4/verse-8	I
https://stotra.vastucart.in/gita/chapter-6/verse-20	I
https://stotra.vastucart.in/gita/chapter-6/verse-22	I
https://stotra.vastucart.in/gita/chapter-6/verse-29	I
https://stotra.vastucart.in/gita/chapter-6/verse-30	I
https://stotra.vastucart.in/gita/chapter-6/verse-11	I
https://stotra.vastucart.in/gita/chapter-6/verse-19	I
https://stotra.vastucart.in/gita/chapter-6/verse-23	I
https://stotra.vastucart.in/gita/chapter-6/verse-34	I
https://stotra.vastucart.in/gita/chapter-6/verse-31	I
https://stotra.vastucart.in/gita/chapter-6/verse-18	I
https://stotra.vastucart.in/gita/chapter-6/verse-32	I
https://stotra.vastucart.in/gita/chapter-6/verse-36	I
https://stotra.vastucart.in/gita/chapter-6/verse-41	I
https://stotra.vastucart.in/gita/chapter-6/verse-28	I
https://stotra.vastucart.in/gita/chapter-6/verse-33	I
https://stotra.vastucart.in/gita/chapter-6/verse-40	I
https://stotra.vastucart.in/gita/chapter-6/verse-42	I
https://stotra.vastucart.in/gita/chapter-6/verse-46	I
https://stotra.vastucart.in/gita/chapter-6/verse-3	I
https://stotra.vastucart.in/gita/chapter-6/verse-35	I
https://stotra.vastucart.in/gita/chapter-6/verse-38	I
https://stotra.vastucart.in/gita/chapter-6/verse-37	I
https://stotra.vastucart.in/gita/chapter-6/verse-4	I
https://stotra.vastucart.in/gita/chapter-6/verse-8	I
https://stotra.vastucart.in/gita/chapter-6/verse-43	I
https://stotra.vastucart.in/gita/chapter-6/verse-9	I
https://stotra.vastucart.in/gita/chapter-7/verse-10	I
https://stotra.vastucart.in/gita/chapter-6/verse-45	I
https://stotra.vastucart.in/gita/chapter-6/verse-6	I
https://stotra.vastucart.in/gita/chapter-6/verse-5	I
https://stotra.vastucart.in/gita/chapter-6/verse-47	I
https://stotra.vastucart.in/gita/chapter-7/verse-13	I
https://stotra.vastucart.in/gita/chapter-6/verse-39	I
https://stotra.vastucart.in/gita/chapter-7/verse-16	I
https://stotra.vastucart.in/gita/chapter-6/verse-7	I
https://stotra.vastucart.in/gita/chapter-6/verse-44	I
https://stotra.vastucart.in/gita/chapter-7/verse-1	I
https://stotra.vastucart.in/gita/chapter-7/verse-11	I
https://stotra.vastucart.in/gita/chapter-7/verse-19	I
https://stotra.vastucart.in/gita/chapter-7/verse-22	I
https://stotra.vastucart.in/gita/chapter-7/verse-17	I
https://stotra.vastucart.in/gita/chapter-7/verse-2	I
https://stotra.vastucart.in/gita/chapter-7/verse-14	I
https://stotra.vastucart.in/gita/chapter-7/verse-15	I
https://stotra.vastucart.in/gita/chapter-7/verse-20	I
https://stotra.vastucart.in/gita/chapter-7	I,O
https://stotra.vastucart.in/gita/chapter-7/verse-26	I
https://stotra.vastucart.in/gita/chapter-7/verse-18	I
https://stotra.vastucart.in/gita/chapter-7/verse-24	I
https://stotra.vastucart.in/gita/chapter-7/verse-23	I
https://stotra.vastucart.in/gita/chapter-7/verse-30	I
https://stotra.vastucart.in/gita/chapter-7/verse-6	I
https://stotra.vastucart.in/gita/chapter-7/verse-5	I
https://stotra.vastucart.in/gita/chapter-7/verse-25	I
https://stotra.vastucart.in/gita/chapter-7/verse-27	I
https://stotra.vastucart.in/gita/chapter-7/verse-8	I
https://stotra.vastucart.in/gita/chapter-7/verse-7	I
https://stotra.vastucart.in/gita/chapter-7/verse-28	I
https://stotra.vastucart.in/gita/chapter-7/verse-3	I
https://stotra.vastucart.in/gita/chapter-8/verse-1	I
https://stotra.vastucart.in/gita/chapter-7/verse-29	I
https://stotra.vastucart.in/gita/chapter-7/verse-4	I
https://stotra.vastucart.in/gita/chapter-8/verse-11	I
https://stotra.vastucart.in/gita/chapter-5/verse-6	I
https://stotra.vastucart.in/gita/chapter-8/verse-14	I
https://stotra.vastucart.in/gita/chapter-8/verse-17	I
https://stotra.vastucart.in/gita/chapter-8/verse-18	I
https://stotra.vastucart.in/gita/chapter-8/verse-2	I
https://stotra.vastucart.in/gita/chapter-8/verse-12	I
https://stotra.vastucart.in/gita/chapter-8/verse-10	I
https://stotra.vastucart.in/gita/chapter-8	I,O
https://stotra.vastucart.in/gita/chapter-8/verse-16	I
https://stotra.vastucart.in/gita/chapter-8/verse-13	I
https://stotra.vastucart.in/gita/chapter-7/verse-21	I
https://stotra.vastucart.in/gita/chapter-8/verse-19	I
https://stotra.vastucart.in/gita/chapter-7/verse-12	I
https://stotra.vastucart.in/gita/chapter-8/verse-25	I
https://stotra.vastucart.in/gita/chapter-7/verse-9	I
https://stotra.vastucart.in/gita/chapter-8/verse-21	I
https://stotra.vastucart.in/gita/chapter-8/verse-22	I
https://stotra.vastucart.in/gita/chapter-8/verse-20	I
https://stotra.vastucart.in/gita/chapter-8/verse-27	I
https://stotra.vastucart.in/gita/chapter-8/verse-4	I
https://stotra.vastucart.in/gita/chapter-8/verse-23	I
https://stotra.vastucart.in/gita/chapter-8/verse-6	I
https://stotra.vastucart.in/gita/chapter-8/verse-15	I
https://stotra.vastucart.in/gita/chapter-8/verse-7	I
https://stotra.vastucart.in/gita/chapter-8/verse-9	I
https://stotra.vastucart.in/gita/chapter-8/verse-24	I
https://stotra.vastucart.in/gita/chapter-9/verse-12	I
https://stotra.vastucart.in/gita/chapter-8/verse-26	I
https://stotra.vastucart.in/gita/chapter-9/verse-10	I
https://stotra.vastucart.in/gita/chapter-9/verse-13	I
https://stotra.vastucart.in/gita/chapter-9/verse-17	I
https://stotra.vastucart.in/gita/chapter-9/verse-15	I
https://stotra.vastucart.in/gita/chapter-8/verse-3	I
https://stotra.vastucart.in/gita/chapter-8/verse-8	I
https://stotra.vastucart.in/gita/chapter-9/verse-18	I
https://stotra.vastucart.in/gita/chapter-9/verse-1	I
https://stotra.vastucart.in/gita/chapter-9	I,O
https://stotra.vastucart.in/gita/chapter-9/verse-2	I
https://stotra.vastucart.in/gita/chapter-9/verse-11	I
https://stotra.vastucart.in/gita/chapter-9/verse-14	I
https://stotra.vastucart.in/gita/chapter-9/verse-24	I
https://stotra.vastucart.in/gita/chapter-9/verse-27	I
https://stotra.vastucart.in/gita/chapter-9/verse-20	I
https://stotra.vastucart.in/gita/chapter-8/verse-5	I
https://stotra.vastucart.in/gita/chapter-9/verse-26	I
https://stotra.vastucart.in/gita/chapter-9/verse-23	I
https://stotra.vastucart.in/gita/chapter-8/verse-28	I
https://stotra.vastucart.in/gita/chapter-9/verse-22	I
https://stotra.vastucart.in/gita/chapter-9/verse-32	I
https://stotra.vastucart.in/gita/chapter-9/verse-19	I
https://stotra.vastucart.in/gita/chapter-9/verse-28	I
https://stotra.vastucart.in/gita/chapter-9/verse-5	I
https://stotra.vastucart.in/gita/chapter-9/verse-34	I
https://stotra.vastucart.in/gita/chapter-9/verse-30	I
https://stotra.vastucart.in/gita/chapter-9/verse-25	I
https://stotra.vastucart.in/gita/chapter-9/verse-6	I
https://stotra.vastucart.in/gita/chapter-9/verse-3	I
https://stotra.vastucart.in/gita/chapter-9/verse-33	I
https://stotra.vastucart.in/privacy-policy	H
https://stotra.vastucart.in/purpose	I
https://stotra.vastucart.in/gita/chapter-9/verse-8	I
https://stotra.vastucart.in/purpose/career	I,O
https://stotra.vastucart.in/purpose/debt-removal	I
https://stotra.vastucart.in/gita/chapter-9/verse-4	I
https://stotra.vastucart.in/purpose/children	I,O
https://stotra.vastucart.in/gita/chapter-9/verse-7	I
https://stotra.vastucart.in/purpose/legal-victory	I,O
https://stotra.vastucart.in/purpose/education	I,O
https://stotra.vastucart.in/gita/chapter-9/verse-31	I
https://stotra.vastucart.in/gita/chapter-9/verse-21	I
https://stotra.vastucart.in/purpose/mangal-dosh	I
https://stotra.vastucart.in/purpose/enemy-protection	I,O
https://stotra.vastucart.in/gita/chapter-9/verse-29	I
https://stotra.vastucart.in/purpose/health	I,O
https://stotra.vastucart.in/gita/chapter-9/verse-16	I
https://stotra.vastucart.in/purpose/kaal-sarp-dosh	I,O
https://stotra.vastucart.in/purpose/pregnancy	I,O
https://stotra.vastucart.in/purpose/planetary-remedy	I,O
https://stotra.vastucart.in/purpose/moksha	I,O
https://stotra.vastucart.in/purpose/devotion	I,O
https://stotra.vastucart.in/purpose/mental-peace	I,O
https://stotra.vastucart.in/purpose/longevity	I,O
https://stotra.vastucart.in/gita/chapter-9/verse-9	I
https://stotra.vastucart.in/purpose/travel-safety	I,O
https://stotra.vastucart.in/purpose/marriage	I,O
https://stotra.vastucart.in/purpose/victory	I,O
https://stotra.vastucart.in/purpose/vastu-dosh	I,O
https://stotra.vastucart.in/purpose/pitru-dosh	I,O
https://stotra.vastucart.in/purpose/fear-removal	I
https://stotra.vastucart.in/stotra/aditya-kavacham	I,O
https://stotra.vastucart.in/purpose/wealth	I,O
https://stotra.vastucart.in/stotra/agni-ashtakam	I,O
https://stotra.vastucart.in/stotra/achyutashtakam	I,O
https://stotra.vastucart.in/stotra/aditya-hridayam	I,O
https://stotra.vastucart.in/stotra/aditya-stotram	I,O
https://stotra.vastucart.in/stotra/agni-kavacham	I,O
https://stotra.vastucart.in/stotra/agni-suktam	I,O
https://stotra.vastucart.in/purpose/removal-of-obstacles	I,O
https://stotra.vastucart.in/stotra/ahoi-ashtami-vrat-katha	I
https://stotra.vastucart.in/stotra/agni-chalisa	I,O
https://stotra.vastucart.in/stotra	I
https://stotra.vastucart.in/stotra/agni-gayatri	I,O
https://stotra.vastucart.in/stotra/agni-dwadash-nama	I,O
https://stotra.vastucart.in/stotra/ananda-lahari	I
https://stotra.vastucart.in/stotra/amba-stuti	I
https://stotra.vastucart.in/stotra/akrura-stuti	I,O
https://stotra.vastucart.in/stotra/agni-stotram	I,O
https://stotra.vastucart.in/purpose/knowledge	I,O
https://stotra.vastucart.in/stotra/anjaneya-dandakam	I,O
https://stotra.vastucart.in/stotra/annapurna-chalisa	I,O
https://stotra.vastucart.in/stotra/annapurna-stotram-shankaracharya	I,O
https://stotra.vastucart.in/stotra/apah-suktam	I
https://stotra.vastucart.in/stotra/ardhanareeshwara-stotram	I,O
https://stotra.vastucart.in/stotra/ambika-ashtakam	I,O
https://stotra.vastucart.in/stotra/ananthashayana-stotram	I,O
https://stotra.vastucart.in/stotra/ashta-dikpalaka-stotram	I,O
https://stotra.vastucart.in/stotra/ashta-bhairava-stotram	I
https://stotra.vastucart.in/stotra/ashta-lakshmi-kavacham	I
https://stotra.vastucart.in/stotra/annapurna-ashtakam	I,O
https://stotra.vastucart.in/purpose/peace	I,O
https://stotra.vastucart.in/stotra/ashtalakshmi-stotram	I
https://stotra.vastucart.in/stotra/annapurna-stotram	I,O
https://stotra.vastucart.in/stotra/anjaneya-stotram	I,O
https://stotra.vastucart.in/stotra/ashtavakra-gita-key-verses	I,O
https://stotra.vastucart.in/stotra/ashtavinayak-stotram	I
https://stotra.vastucart.in/stotra/ashwini-kumara-stotram	I,O
https://stotra.vastucart.in/stotra/ashta-lakshmi-dhyanam	I
https://stotra.vastucart.in/stotra/arogya-suktam	I,O
https://stotra.vastucart.in/stotra/avadhuta-gita-key-verses	I
https://stotra.vastucart.in/stotra/argala-stotram	I,O
https://stotra.vastucart.in/stotra/avadhuta-stotram	I,O
https://stotra.vastucart.in/stotra/atma-bodha	I
https://stotra.vastucart.in/stotra/aparajita-stotram	I,O
https://stotra.vastucart.in/stotra/ashwattha-stotram	I,O
https://stotra.vastucart.in/purpose/protection	I
https://stotra.vastucart.in/stotra/ayyappa-dwadash-nama	I,O
https://stotra.vastucart.in/purpose/spiritual-growth	I,O
https://stotra.vastucart.in/stotra/ayyappa-ashtottara-shatanamavali	I,O
https://stotra.vastucart.in/stotra/ayyappa-sahasranama	I,O
https://stotra.vastucart.in/stotra/ayodhya-stotram	I,O
https://stotra.vastucart.in/stotra/ayyappa-kavacham	I,O
https://stotra.vastucart.in/stotra/ayushya-suktam	I,O
https://stotra.vastucart.in/stotra/ayyappa-stotram	I
https://stotra.vastucart.in/stotra/badrinath-aarti	I,O
https://stotra.vastucart.in/stotra/badrinath-stotram	I
https://stotra.vastucart.in/stotra/ayyappa-gayatri	I,O
https://stotra.vastucart.in/stotra/ayyappa-aarti	I,O
https://stotra.vastucart.in/stotra/bajrang-baan	I
https://stotra.vastucart.in/stotra/baglamukhi-kavacham	I,O
https://stotra.vastucart.in/stotra/bala-mukundashtakam	I
https://stotra.vastucart.in/stotra/banke-bihari-aarti	I,O
https://stotra.vastucart.in/search	I,N,R
https://stotra.vastucart.in/stotra/ayyappa-pancharatnam	I
https://stotra.vastucart.in/stotra/ayyappa-chalisa	I,O
https://stotra.vastucart.in/stotra/bhagavad-gita-chapter-11	I,O
https://stotra.vastucart.in/stotra/bhagavad-gita-chapter-15	I,O
https://stotra.vastucart.in/stotra/bhagavad-gita-chapter-17	I,O
https://stotra.vastucart.in/stotra/bhagavad-gita-chapter-12	I,O
https://stotra.vastucart.in/stotra/bhagavad-gita-chapter-16	I,O
https://stotra.vastucart.in/stotra/ayyappa-ashtakam	I,O
https://stotra.vastucart.in/stotra/bhagavad-gita-chapter-18	I,O
https://stotra.vastucart.in/stotra/bhagavad-gita-chapter-1	I,O
https://stotra.vastucart.in/stotra/bhagavad-gita-chapter-3	I,O
https://stotra.vastucart.in/stotra/baglamukhi-stotram	I,O
https://stotra.vastucart.in/stotra/bhagavad-gita-chapter-8	I,O
https://stotra.vastucart.in/stotra/bhagavad-gita-chapter-14	I,O
https://stotra.vastucart.in/stotra/bhagavad-gita-chapter-7	I,O
https://stotra.vastucart.in/stotra/bhagavad-gita-chapter-2	I,O
https://stotra.vastucart.in/stotra/balakrishna-ashtakam	I,O
https://stotra.vastucart.in/stotra/bhagavad-gita-chapter-10	I,O
https://stotra.vastucart.in/stotra/bhagavad-gita-mahatmya	I,O
https://stotra.vastucart.in/stotra/bhagavad-gita-chapter-5	I,O
https://stotra.vastucart.in/stotra/bhagavad-gita-chapter-13	I,O
https://stotra.vastucart.in/stotra/bhagavad-gita-chapter-4	I,O
https://stotra.vastucart.in/stotra/bhairava-dwadash-nama	I,O
https://stotra.vastucart.in/stotra/bhairava-gayatri	I,O
https://stotra.vastucart.in/stotra/bhagavad-gita-dhyana-shloka	I,O
https://stotra.vastucart.in/stotra/batuk-bhairav-stotram	I
https://stotra.vastucart.in/stotra/bhairava-hridayam	I,O
https://stotra.vastucart.in/stotra/bhagavad-gita-dhyanam	I
https://stotra.vastucart.in/stotra/bhagya-suktam	I,O
https://stotra.vastucart.in/stotra/bhagavad-gita-chapter-9	I,O
https://stotra.vastucart.in/stotra/bhasma-jabala-upanishad-key-mantras	I,O
https://stotra.vastucart.in/stotra/bhairav-kavacham	I,O
https://stotra.vastucart.in/stotra/bhavani-ashtakam	I,O
https://stotra.vastucart.in/stotra/bhaya-nivaran-stotram	I
https://stotra.vastucart.in/stotra/bhishma-stuti	I,O
https://stotra.vastucart.in/stotra/bhojan-mantra	I
https://stotra.vastucart.in/stotra/bhairav-chalisa	I,O
https://stotra.vastucart.in/stotra/bhairav-aarti	I
https://stotra.vastucart.in/stotra/bhuvaneswari-kavacham	I,O
https://stotra.vastucart.in/stotra/bhuvaneswari-stotram	I
https://stotra.vastucart.in/stotra/bhimashankar-stotram	I
https://stotra.vastucart.in/stotra/bhairava-stotram	I,O
https://stotra.vastucart.in/stotra/bhaja-govindam	I
https://stotra.vastucart.in/stotra/bhagavad-gita-chapter-6	I,O
https://stotra.vastucart.in/stotra/bilvashtakam	I,O
https://stotra.vastucart.in/stotra/bilvarchana-stotram	I
https://stotra.vastucart.in/stotra/brahma-dwadash-nama	I,O
https://stotra.vastucart.in/stotra/bhuvaneshwari-stotram	I
https://stotra.vastucart.in/stotra/brahma-gayatri	I,O
https://stotra.vastucart.in/stotra/brahma-stuti-bhagavatam	I,O
https://stotra.vastucart.in/stotra/bhairava-sahasranama	I,O
https://stotra.vastucart.in/stotra/brahmacharini-stotram	I
https://stotra.vastucart.in/stotra/brahma-ashtakam	I,O
https://stotra.vastucart.in/stotra/budha-stotram	I,O
https://stotra.vastucart.in/stotra/brahma-chalisa	I,O
https://stotra.vastucart.in/stotra/brahma-sahasranama	I,O
https://stotra.vastucart.in/stotra/brahma-kavacham	I,O
https://stotra.vastucart.in/stotra/chandi-path-navarna-vidhi	I,O
https://stotra.vastucart.in/stotra/budh-stotra	I
https://stotra.vastucart.in/stotra/chandi-kavacham	I,O
https://stotra.vastucart.in/stotra/budh-kavacham	I
https://stotra.vastucart.in/stotra/chandi-stotram	I,O
https://stotra.vastucart.in/stotra/chandi-hridayam	I,O
https://stotra.vastucart.in/stotra/budhvar-vrat-katha	I,O
https://stotra.vastucart.in/stotra/brahma-stotram	I,O
https://stotra.vastucart.in/stotra/brahma-murari-stotram	I,O
https://stotra.vastucart.in/stotra/chamakam	I
https://stotra.vastucart.in/stotra/brahma-stuti-vedic	I
https://stotra.vastucart.in/stotra/chandra-stotram	I,O
https://stotra.vastucart.in/stotra/chandra-dosh-nivaran-stotram	I,O
https://stotra.vastucart.in/stotra/chandra-stotra	I,O
https://stotra.vastucart.in/stotra/chardham-stotram	I,O
https://stotra.vastucart.in/stotra/chatuh-shloki-bhagavatam	I
https://stotra.vastucart.in/stotra/chinnamasta-kavacham	I
https://stotra.vastucart.in/stotra/chhath-puja-stotram	I,O
https://stotra.vastucart.in/stotra/chandra-kavacham	I,O
https://stotra.vastucart.in/stotra/chhath-puja-vidhi	I,O
https://stotra.vastucart.in/stotra/budh-sahasranama	I,O
https://stotra.vastucart.in/stotra/chandraghanta-stotram	I
https://stotra.vastucart.in/stotra/chandra-sahasranama	I,O
https://stotra.vastucart.in/stotra/dasha-mahavidya-stotram	I,O
https://stotra.vastucart.in/stotra/dakshinamurthy-pancharatnam	I,O
https://stotra.vastucart.in/stotra/dakshinamurthy-stotram	I,O
https://stotra.vastucart.in/stotra/dakshina-kali-stotram	I
https://stotra.vastucart.in/stotra/chhath-puja-vrat-katha	I
https://stotra.vastucart.in/stotra/datta-stuti	I
https://stotra.vastucart.in/stotra/dasha-shloki	I
https://stotra.vastucart.in/stotra/dattatreya-ashtakam	I,O
https://stotra.vastucart.in/stotra/dattatreya-aarti	I,O
https://stotra.vastucart.in/stotra/damodarashtakam	I,O
https://stotra.vastucart.in/stotra/dattatreya-dhyanam	I,O
https://stotra.vastucart.in/stotra/dashavatara-dhyanam	I
https://stotra.vastucart.in/stotra/dattatreya-ashtottara-shatanamavali	I,O
https://stotra.vastucart.in/stotra/dattatreya-hridayam	I,O
https://stotra.vastucart.in/stotra/datta-bavani	I
https://stotra.vastucart.in/stotra/dattatreya-kavacham	I,O
https://stotra.vastucart.in/stotra/daridrya-dahana-shiva-stotram	I,O
https://stotra.vastucart.in/stotra/dashavatara-stotram	I
https://stotra.vastucart.in/stotra/dakshina-kali-dhyanam	I
https://stotra.vastucart.in/stotra/chandrashekhar-ashtakam	I
https://stotra.vastucart.in/stotra/dattatreya-mangalashtakam	I,O
https://stotra.vastucart.in/stotra/chamunda-stuti	I,O
https://stotra.vastucart.in/stotra/dattatreya-stotram	I
https://stotra.vastucart.in/stotra/dattatreya-sahasranama	I,O
https://stotra.vastucart.in/stotra/dayashatakam-key-verses	I,O
https://stotra.vastucart.in/stotra/devaki-stuti	I,O
https://stotra.vastucart.in/stotra/dattatreya-pancharatnam	I
https://stotra.vastucart.in/stotra/devi-bhujanga-stotram	I,O
https://stotra.vastucart.in/stotra/devi-hridayam	I,O
https://stotra.vastucart.in/stotra/deepa-jyoti-stotram	I
https://stotra.vastucart.in/stotra/devi-kavacham	I,O
https://stotra.vastucart.in/stotra/dattatreya-dwadash-nama	I,O
https://stotra.vastucart.in/stotra/dattatreya-chalisa	I,O
https://stotra.vastucart.in/stotra/devi-chatushashti-upachara	I,O
https://stotra.vastucart.in/stotra/dattatreya-upanishad-key-verses	I,O
https://stotra.vastucart.in/stotra/devi-stuti	I
https://stotra.vastucart.in/stotra/devi-mahatmyam-madhyama-charitra	I,O
https://stotra.vastucart.in/stotra/devi-suktam	I,O
https://stotra.vastucart.in/stotra/devi-atharvashirsha	I,O
https://stotra.vastucart.in/stotra/devi-aparadha-kshamapana-stotram	I,O
https://stotra.vastucart.in/stotra/devi-mahatmyam-uttama-charitra	I,O
https://stotra.vastucart.in/stotra/dhanvantari-chalisa	I,O
https://stotra.vastucart.in/stotra/devi-mahatmyam-prathama-charitra	I,O
https://stotra.vastucart.in/stotra/dev-uthani-ekadashi-katha	I
https://stotra.vastucart.in/stotra/dhanteras-puja-stotram	I,O
https://stotra.vastucart.in/stotra/dhanalakshmi-stotram	I
https://stotra.vastucart.in/stotra/dattatreya-gayatri	I,O
https://stotra.vastucart.in/stotra/dhanvantari-ashtakam	I,O
https://stotra.vastucart.in/stotra/devi-mahatmya-siddha-kunjika	I,O
https://stotra.vastucart.in/stotra/dhanvantari-dwadash-nama	I,O
https://stotra.vastucart.in/stotra/dhanteras-katha	I,O
https://stotra.vastucart.in/stotra/dhanvantari-kavacham	I
https://stotra.vastucart.in/stotra/dhanvantari-sahasranama	I,O
https://stotra.vastucart.in/stotra/dhanvantari-hridayam	I,O
https://stotra.vastucart.in/stotra/devi-khadgamala-stotram	I,O
https://stotra.vastucart.in/stotra/dharma-stuti	I,O
https://stotra.vastucart.in/stotra/dhumavati-kavacham	I,O
https://stotra.vastucart.in/stotra/dhumavati-stotram	I,O
https://stotra.vastucart.in/stotra/chinnamasta-stotram	I
https://stotra.vastucart.in/stotra/dhruva-stuti	I,O
https://stotra.vastucart.in/stotra/dohavali-key-dohe	I,O
https://stotra.vastucart.in/stotra/durga-ashtakam	I,O
https://stotra.vastucart.in/stotra/durga-gayatri	I
https://stotra.vastucart.in/stotra/diwali-vrat-katha	I,O
https://stotra.vastucart.in/stotra/dhanvantari-stotram	I
https://stotra.vastucart.in/stotra/durga-kavach	I,O
https://stotra.vastucart.in/stotra/durga-pancha-ratnam	I,O
https://stotra.vastucart.in/stotra/durga-aarti	I,O
https://stotra.vastucart.in/stotra/durga-hridayam	I,O
https://stotra.vastucart.in/stotra/dnyaneshwari-pasaydan	I
https://stotra.vastucart.in/stotra/durga-chalisa	I,O
https://stotra.vastucart.in/stotra/durga-sahasranama-stotram	I,O
https://stotra.vastucart.in/stotra/durga-dwadash-nama	I,O
https://stotra.vastucart.in/stotra/durga-stuti-arjuna	I,O
https://stotra.vastucart.in/stotra/durga-ashtottara-shatanamavali	I,O
https://stotra.vastucart.in/stotra/durga-pancharatnam	I,O
https://stotra.vastucart.in/stotra/durga-suktam	I,O
https://stotra.vastucart.in/stotra/durga-nav-shloki	I,O
https://stotra.vastucart.in/stotra/durga-saptashloki	I,O
https://stotra.vastucart.in/stotra/dwadasha-jyotirlinga-stotram	I,O
https://stotra.vastucart.in/stotra/durga-sahasranama	I,O
https://stotra.vastucart.in/stotra/eka-shloki	I
https://stotra.vastucart.in/stotra/dwarkadhish-stotram	I
https://stotra.vastucart.in/stotra/durga-stuti-chaman-lal	I,O
https://stotra.vastucart.in/stotra/ekadashi-mahatmya	I,O
https://stotra.vastucart.in/stotra/durga-dvatrinsha-naamamala	I,O
https://stotra.vastucart.in/stotra/dussehra-stotram	I,O
https://stotra.vastucart.in/stotra/gajendra-moksha-stotram	I,O
https://stotra.vastucart.in/stotra/dwarkadhish-aarti	I,O
https://stotra.vastucart.in/stotra/dwadash-stotra-madhva	I,O
https://stotra.vastucart.in/stotra/ekadashi-vrat-katha	I,O
https://stotra.vastucart.in/stotra/ganesh-bhujanga-stotram	I,O
https://stotra.vastucart.in/stotra/durga-mangalashtakam	I
https://stotra.vastucart.in/stotra/ganesh-chaturthi-vrat-katha	I,O
https://stotra.vastucart.in/stotra/ekadasha-rudra-stotram	I
https://stotra.vastucart.in/stotra/ekadashi-mahatmya-shloka	I,O
https://stotra.vastucart.in/stotra/ganesh-dwadash-nama	I,O
https://stotra.vastucart.in/stotra/ganesh-atharvashirsha	I,O
https://stotra.vastucart.in/stotra/ganesh-bajrang	I,O
https://stotra.vastucart.in/stotra/ganesh-ashtottara-shatanamavali	I,O
https://stotra.vastucart.in/stotra/ganesh-sahasranama	I,O
https://stotra.vastucart.in/stotra/dwadash-aditya-stotram	I,O
https://stotra.vastucart.in/stotra/ganesh-stotram	I,O
https://stotra.vastucart.in/stotra/ganesha-gayatri	I
https://stotra.vastucart.in/stotra/ganesh-aarti	I,O
https://stotra.vastucart.in/stotra/dhanvantari-gayatri	I,O
https://stotra.vastucart.in/stotra/ganesh-chalisa	I,O
https://stotra.vastucart.in/stotra/ganesh-pancharatnam	I
https://stotra.vastucart.in/stotra/ganesha-mangala-stotram	I
https://stotra.vastucart.in/stotra/dhanvantari-mantra	I,O
https://stotra.vastucart.in/stotra/ganesha-pancharatnam	I,O
https://stotra.vastucart.in/stotra/ganesha-stuti-mudgala-purana	I
https://stotra.vastucart.in/stotra/ganesh-kavacham	I,O
https://stotra.vastucart.in/stotra/ganga-kavacham	I,O
https://stotra.vastucart.in/stotra/ganesha-ashtottara-shatanamavali	I,O
https://stotra.vastucart.in/stotra/ganga-ashtakam	I,O
https://stotra.vastucart.in/stotra/ganga-stotram	I,O
https://stotra.vastucart.in/stotra/ganesha-maha-mantra	I,O
https://stotra.vastucart.in/stotra/ganesha-mangalashtakam	I
https://stotra.vastucart.in/stotra/ganga-stuti-tulsidas	I,O
https://stotra.vastucart.in/stotra/gauri-stotram	I,O
https://stotra.vastucart.in/stotra/gayatri-aarti	I,O
https://stotra.vastucart.in/stotra/ganesha-hridayam	I,O
https://stotra.vastucart.in/stotra/gauri-chalisa	I,O
https://stotra.vastucart.in/stotra/ganga-aarti	I,O
https://stotra.vastucart.in/stotra/gayatri-ashtottara-shatanamavali	I,O
https://stotra.vastucart.in/stotra/gayatri-chalisa	I,O
https://stotra.vastucart.in/stotra/gayatri-kavacham	I,O
https://stotra.vastucart.in/stotra/ganga-chalisa	I,O
https://stotra.vastucart.in/stotra/gayatri-sahasranama	I,O
https://stotra.vastucart.in/stotra/ganga-dashakam	I,O
https://stotra.vastucart.in/stotra/ganga-sahasranama	I,O
https://stotra.vastucart.in/stotra/gita-govinda-key-songs	I,O
https://stotra.vastucart.in/stotra/garuda-dandakam	I,O
https://stotra.vastucart.in/stotra/gita-mahatmya	I,O
https://stotra.vastucart.in/stotra/giridhari-stotram	I
https://stotra.vastucart.in/stotra/gayatri-mangalashtakam	I
https://stotra.vastucart.in/stotra/gopala-stotram	I,O
https://stotra.vastucart.in/stotra/gita-govinda-ashtapadi-1	I
https://stotra.vastucart.in/stotra/gopika-gitam	I,O
https://stotra.vastucart.in/stotra/gayatri-stotram	I,O
https://stotra.vastucart.in/stotra/gayatri-hridayam	I,O
https://stotra.vastucart.in/stotra/govinda-damodara-stotram	I,O
https://stotra.vastucart.in/stotra/govinda-ashtakam	I,O
https://stotra.vastucart.in/stotra/gayatri-mantra	I,O
https://stotra.vastucart.in/stotra/gita-govinda-key-verses	I,O
https://stotra.vastucart.in/stotra/griha-shanti-stotram	I
https://stotra.vastucart.in/stotra/grishneshwar-stotram	I,O
https://stotra.vastucart.in/stotra/gopala-sahasranama	I,O
https://stotra.vastucart.in/stotra/graha-shanti-mantra	I,O
https://stotra.vastucart.in/stotra/gita-sara	I
https://stotra.vastucart.in/stotra/guru-ashtakam	I,O
https://stotra.vastucart.in/stotra/gopi-geet	I
https://stotra.vastucart.in/stotra/gopala-vimshatika	I,O
https://stotra.vastucart.in/stotra/gita-govinda-ashtapadi-dashavatara	I
https://stotra.vastucart.in/stotra/govinda-namavali	I,O
https://stotra.vastucart.in/stotra/guru-sahasranama	I,O
https://stotra.vastucart.in/stotra/guru-graha-stotra	I
https://stotra.vastucart.in/stotra/griha-pravesh-mantras	I
https://stotra.vastucart.in/stotra/guru-stotram	I,O
https://stotra.vastucart.in/stotra/guruvar-vrat-katha	I,O
https://stotra.vastucart.in/stotra/govardhan-puja-stotram	I
https://stotra.vastucart.in/stotra/guru-chandal-dosh-nivaran-stotram	I,O
https://stotra.vastucart.in/stotra/hanuman-bahuk	I,O
https://stotra.vastucart.in/stotra/hanuman-ashtottara-shatanamavali	I,O
https://stotra.vastucart.in/stotra/guru-dattatreya-mantra	I
https://stotra.vastucart.in/stotra/guru-paduka-stotram	I,O
https://stotra.vastucart.in/stotra/guru-gita	I,O
https://stotra.vastucart.in/stotra/guru-vandana	I,O
https://stotra.vastucart.in/stotra/hanuman-dwadash-nama	I,O
https://stotra.vastucart.in/stotra/guru-graha-kavacham	I,O
https://stotra.vastucart.in/stotra/hanuman-kavacham	I,O
https://stotra.vastucart.in/stotra/hanuman-dhyanam	I,O
https://stotra.vastucart.in/stotra/hanumad-ramayanam	I,O
https://stotra.vastucart.in/stotra/hanuman-ashtak	I,O
https://stotra.vastucart.in/stotra/hanuman-aarti	I,O
https://stotra.vastucart.in/stotra/hanuman-pancharatnam	I,O
https://stotra.vastucart.in/stotra/hanuman-stavan	I,O
https://stotra.vastucart.in/stotra/hare-krishna-mahamantra	I
https://stotra.vastucart.in/stotra/hanuman-stuti-lanka-kanda	I
https://stotra.vastucart.in/stotra/hanuman-chalisa	I,O
https://stotra.vastucart.in/stotra/hanuman-stuti-parasara	I,O
https://stotra.vastucart.in/stotra/hanuman-mangalashtakam	I
https://stotra.vastucart.in/stotra/hanuman-ashtottara-stotram	I,O
https://stotra.vastucart.in/stotra/hanuman-vadvanal-stotra	I,O
https://stotra.vastucart.in/stotra/hartalika-teej-vrat-katha	I,O
https://stotra.vastucart.in/stotra/hanuman-langoolastra-stotram	I,O
https://stotra.vastucart.in/stotra/indra-ashtakam	I,O
https://stotra.vastucart.in/stotra/hanuman-gayatri	I
https://stotra.vastucart.in/stotra/hanuman-sahasranama	I,O
https://stotra.vastucart.in/stotra/hiranyagarbha-suktam	I
https://stotra.vastucart.in/stotra/indra-chalisa	I,O
https://stotra.vastucart.in/stotra/indra-gayatri	I,O
https://stotra.vastucart.in/stotra/hari-nama-mala-stotram	I,O
https://stotra.vastucart.in/stotra/hanuman-hridayam	I,O
https://stotra.vastucart.in/stotra/hari-stotram	I,O
https://stotra.vastucart.in/stotra/indra-stotram-vedic	I,O
https://stotra.vastucart.in/stotra/hayagriva-stotram	I,O
https://stotra.vastucart.in/stotra/ishavasya-upanishad	I,O
https://stotra.vastucart.in/stotra/hastamalaka-stotram	I,O
https://stotra.vastucart.in/stotra/holika-dahan-katha	I,O
https://stotra.vastucart.in/stotra/jagannath-gayatri	I,O
https://stotra.vastucart.in/stotra/indra-stuti	I,O
https://stotra.vastucart.in/stotra/indra-kavacham	I,O
https://stotra.vastucart.in/stotra/jagannath-ashtakam	I,O
https://stotra.vastucart.in/stotra/jagannath-pancharatnam	I
https://stotra.vastucart.in/stotra/jagannath-aarti	I,O
https://stotra.vastucart.in/stotra/jagannath-kavacham	I,O
https://stotra.vastucart.in/stotra/indra-dwadash-nama	I,O
https://stotra.vastucart.in/stotra/harivarasanam	I,O
https://stotra.vastucart.in/stotra/indra-suktam	I,O
https://stotra.vastucart.in/stotra/jagannatha-ashtakam	I,O
https://stotra.vastucart.in/stotra/jagannath-mangala-stotram	I,O
https://stotra.vastucart.in/stotra/kaal-sarp-dosh-nivaran-stotram	I,O
https://stotra.vastucart.in/stotra/jagannath-chalisa	I,O
https://stotra.vastucart.in/stotra/graha-peeda-hara-stotram	I,O
https://stotra.vastucart.in/stotra/janaki-stuti	I,O
https://stotra.vastucart.in/stotra/kaivalya-upanishad	I,O
https://stotra.vastucart.in/stotra/kabir-dohe-key-verses	I
https://stotra.vastucart.in/stotra/jagadamba-stotram	I,O
https://stotra.vastucart.in/stotra/kalabhairava-ashtakam	I,O
https://stotra.vastucart.in/stotra/kali-aarti	I,O
https://stotra.vastucart.in/stotra/jagannath-sahasranama	I,O
https://stotra.vastucart.in/stotra/jagannath-stotram	I
https://stotra.vastucart.in/stotra/kali-ashtakam	I,O
https://stotra.vastucart.in/stotra/kali-kavacham	I,O
https://stotra.vastucart.in/stotra/kali-hridayam	I,O
https://stotra.vastucart.in/stotra/janmashtami-vrat-katha	I
https://stotra.vastucart.in/stotra/janaki-mangal	I,O
https://stotra.vastucart.in/stotra/kali-stotram	I,O
https://stotra.vastucart.in/stotra/kali-sahasranama	I,O
https://stotra.vastucart.in/stotra/kamakshi-stotram	I
https://stotra.vastucart.in/stotra/kali-sahasranama-v2	I,O
https://stotra.vastucart.in/stotra/kalabhairav-ashtakam	I,O
https://stotra.vastucart.in/stotra/kali-chalisa	I,O
https://stotra.vastucart.in/stotra/kamala-kavacham	I,O
https://stotra.vastucart.in/stotra/kara-darshana-shloka	I,O
https://stotra.vastucart.in/stotra/kali-gayatri	I,O
https://stotra.vastucart.in/stotra/kamakhya-kavacham	I,O
https://stotra.vastucart.in/stotra/kamadeva-stotram	I,O
https://stotra.vastucart.in/stotra/kamala-stotram	I,O
https://stotra.vastucart.in/stotra/kaalratri-stotram	I,O
https://stotra.vastucart.in/stotra/kalki-stotram	I,O
https://stotra.vastucart.in/stotra/kartikeya-sahasranama	I,O
https://stotra.vastucart.in/stotra/kartikeya-kavacham	I,O
https://stotra.vastucart.in/stotra/kartikeya-dwadash-nama	I,O
https://stotra.vastucart.in/stotra/kamakhya-stotram	I,O
https://stotra.vastucart.in/stotra/kanakadhara-stotram	I,O
https://stotra.vastucart.in/stotra/karpura-gauram	I,O
https://stotra.vastucart.in/stotra/karva-chauth-stotram	I
https://stotra.vastucart.in/stotra/kartikeya-ashtottara-shatanamavali	I,O
https://stotra.vastucart.in/stotra/kali-ashtottara-shatanamavali	I,O
https://stotra.vastucart.in/stotra/kartikeya-hridayam	I,O
https://stotra.vastucart.in/stotra/kaupina-panchakam	I,O
https://stotra.vastucart.in/stotra/kartikeya-pancharatnam	I
https://stotra.vastucart.in/stotra/kartikeya-mangalashtakam	I,O
https://stotra.vastucart.in/stotra/karva-chauth-vrat-katha	I
https://stotra.vastucart.in/stotra/ketu-dosh-nivaran-stotram	I,O
https://stotra.vastucart.in/stotra/katyayani-stotram	I,O
https://stotra.vastucart.in/stotra/kena-upanishad	I,O
https://stotra.vastucart.in/stotra/kedarnath-stotram	I
https://stotra.vastucart.in/stotra/kartikeya-stotram	I,O
https://stotra.vastucart.in/stotra/khatu-shyam-aarti	I,O
https://stotra.vastucart.in/stotra/kashi-panchakam	I,O
https://stotra.vastucart.in/stotra/krishna-aarti	I
https://stotra.vastucart.in/stotra/kashi-vishwanath-stotram	I,O
https://stotra.vastucart.in/stotra/kathopanishad-key-verses	I,O
https://stotra.vastucart.in/stotra/krishna-ashtakam	I,O
https://stotra.vastucart.in/stotra/kodanda-rama-stotram	I,O
https://stotra.vastucart.in/stotra/khatu-shyam-chalisa	I,O
https://stotra.vastucart.in/stotra/krishna-dhyanam	I,O
https://stotra.vastucart.in/stotra/ketu-kavacham	I,O
https://stotra.vastucart.in/stotra/krishna-gayatri	I
https://stotra.vastucart.in/stotra/ketu-stotram	I,O
https://stotra.vastucart.in/stotra/kilak-stotram	I,O
https://stotra.vastucart.in/stotra/krishna-karnamrutam-key-verses	I,O
https://stotra.vastucart.in/stotra/ketu-stotra	I,O
https://stotra.vastucart.in/stotra/krishna-kavacham	I,O
https://stotra.vastucart.in/stotra/krishna-mangalashtakam	I
https://stotra.vastucart.in/stotra/krishna-ashtottara-shatanamavali	I,O
https://stotra.vastucart.in/stotra/krishna-lila-stuti	I
https://stotra.vastucart.in/stotra/krishna-pancharatnam	I,O
https://stotra.vastucart.in/stotra/krishna-hridayam	I,O
https://stotra.vastucart.in/stotra/krishna-sahasranama	I,O
https://stotra.vastucart.in/stotra/krishna-dwadash-nama	I,O
https://stotra.vastucart.in/stotra/krishna-chalisa	I,O
https://stotra.vastucart.in/stotra/krishna-stuti	I,O
https://stotra.vastucart.in/stotra/kshamapana-stotram	I
https://stotra.vastucart.in/stotra/kubera-hridayam	I,O
https://stotra.vastucart.in/stotra/kubera-mantra	I,O
https://stotra.vastucart.in/stotra/kubera-ashtakam	I,O
https://stotra.vastucart.in/stotra/kubera-lakshmi-stotram	I,O
https://stotra.vastucart.in/stotra/kubera-pancharatnam	I,O
https://stotra.vastucart.in/stotra/kubera-sahasranama	I,O
https://stotra.vastucart.in/stotra/krishna-gitavali-key-verses	I
https://stotra.vastucart.in/stotra/kubera-chalisa	I,O
https://stotra.vastucart.in/stotra/lakshmi-aarti	I,O
https://stotra.vastucart.in/stotra/kurma-stotram	I,O
https://stotra.vastucart.in/stotra/kunti-stuti	I,O
https://stotra.vastucart.in/stotra/kubera-dwadash-nama	I,O
https://stotra.vastucart.in/stotra/ketu-sahasranama	I,O
https://stotra.vastucart.in/stotra/lakshmi-dhyanam	I,O
https://stotra.vastucart.in/stotra/lakshmi-gayatri	I
https://stotra.vastucart.in/stotra/lakshmi-hridayam	I,O
https://stotra.vastucart.in/stotra/kubera-stotram	I,O
https://stotra.vastucart.in/stotra/lakshmi-narasimha-karavalamba-stotram	I,O
https://stotra.vastucart.in/stotra/kumara-ashtakam	I,O
https://stotra.vastucart.in/stotra/kushmanda-stotram	I,O
https://stotra.vastucart.in/stotra/lakshmi-ashtakam	I,O
https://stotra.vastucart.in/stotra/lakshmi-kavacham	I,O
https://stotra.vastucart.in/stotra/lakshmi-dwadash-nama	I,O
https://stotra.vastucart.in/stotra/lakshmi-narasimha-stotram	I,O
https://stotra.vastucart.in/stotra/lakshmi-ashtottara-shatanamavali	I,O
https://stotra.vastucart.in/stotra/lakshmi-chalisa	I,O
https://stotra.vastucart.in/stotra/lakshmi-narayana-stotram	I,O
https://stotra.vastucart.in/stotra/lakshmi-pancharatnam	I
https://stotra.vastucart.in/stotra/lakshmi-mangalashtakam	I
https://stotra.vastucart.in/stotra/lakshmi-narasimha-pancharatnam	I,O
https://stotra.vastucart.in/stotra/lakshmi-stuti	I,O
https://stotra.vastucart.in/stotra/lingashtakam	I,O
https://stotra.vastucart.in/stotra/laxminarayan-chalisa	I
https://stotra.vastucart.in/stotra/maha-ganesh-mantra	I,O
https://stotra.vastucart.in/stotra/maha-shivratri-stotram	I,O
https://stotra.vastucart.in/stotra/mahagauri-stotram	I,O
https://stotra.vastucart.in/stotra/lakshmi-narayana-hridayam	I,O
https://stotra.vastucart.in/stotra/lakshmi-stotram	I,O
https://stotra.vastucart.in/stotra/madhurashtakam	I,O
https://stotra.vastucart.in/stotra/mahakali-kavacham	I,O
https://stotra.vastucart.in/stotra/lalita-sahasranama	I,O
https://stotra.vastucart.in/stotra/mahishasura-mardini-stotram	I,O
https://stotra.vastucart.in/stotra/lalita-trishati	I,O
https://stotra.vastucart.in/stotra/mahakal-ashtakam	I,O
https://stotra.vastucart.in/stotra/lakshmi-sahasranama	I,O
https://stotra.vastucart.in/stotra/maha-ganapati-stotram	I
https://stotra.vastucart.in/stotra/mangal-chandika-stotram	I,O
https://stotra.vastucart.in/stotra/mandukya-upanishad	I,O
https://stotra.vastucart.in/stotra/mangal-dosh-nivaran-stotram	I,O
https://stotra.vastucart.in/stotra/mahamrityunjaya-mantra	I
https://stotra.vastucart.in/stotra/mangal-kavacham	I,O
https://stotra.vastucart.in/stotra/mangal-graha-kavacham	I,O
https://stotra.vastucart.in/stotra/kubera-gayatri	I,O
https://stotra.vastucart.in/stotra/mahishasura-mardini-stotram-excerpt	I,O
https://stotra.vastucart.in/stotra/makar-sankranti-vrat-katha	I,O
https://stotra.vastucart.in/stotra/mahakal-stotram	I,O
https://stotra.vastucart.in/stotra/mallikarjuna-stotram	I,O
https://stotra.vastucart.in/stotra/mahalakshmi-ashtakam	I
https://stotra.vastucart.in/stotra/mantra-pushpam	I,O
https://stotra.vastucart.in/stotra/mangalvar-vrat-katha	I,O
https://stotra.vastucart.in/stotra/markandeya-stuti	I,O
https://stotra.vastucart.in/stotra/mantra-pushpanjali	I,O
https://stotra.vastucart.in/stotra/manyu-suktam	I,O
https://stotra.vastucart.in/stotra/mahakali-stotram	I,O
https://stotra.vastucart.in/stotra/mangal-stotram	I,O
https://stotra.vastucart.in/stotra/medha-suktam	I,O
https://stotra.vastucart.in/stotra/kubera-kavacham	I,O
https://stotra.vastucart.in/stotra/mangal-stotra	I,O
https://stotra.vastucart.in/stotra/matangi-stotram	I,O
https://stotra.vastucart.in/stotra/matangi-kavacham	I,O
https://stotra.vastucart.in/stotra/manisha-panchakam	I,O
https://stotra.vastucart.in/stotra/maruti-stotra	I,O
https://stotra.vastucart.in/stotra/mehandipur-balaji-aarti	I
https://stotra.vastucart.in/stotra/mrityunjaya-kavacham	I,O
https://stotra.vastucart.in/stotra/medha-dakshinamurthy-stotram	I,O
https://stotra.vastucart.in/stotra/muralidhara-stotram	I
https://stotra.vastucart.in/stotra/mukunda-mala-stotram	I
https://stotra.vastucart.in/stotra/matsya-stotram	I,O
https://stotra.vastucart.in/stotra/maruti-ashtakam	I,O
https://stotra.vastucart.in/stotra/meenakshi-stotram	I
https://stotra.vastucart.in/stotra/murugan-chalisa	I,O
https://stotra.vastucart.in/stotra/mundaka-upanishad-key-verses	I,O
https://stotra.vastucart.in/stotra/naga-stotram	I,O
https://stotra.vastucart.in/stotra/naga-gayatri	I,O
https://stotra.vastucart.in/stotra/nama-ramayanam	I,O
https://stotra.vastucart.in/stotra/meera-bhajan-key-verses	I,O
https://stotra.vastucart.in/stotra/nageshwar-stotram	I
https://stotra.vastucart.in/stotra/narasimha-ashtakam	I,O
https://stotra.vastucart.in/stotra/meenakshi-pancharatnam	I
https://stotra.vastucart.in/stotra/moksha-prapti-stotram	I,O
https://stotra.vastucart.in/stotra/narada-stuti	I,O
https://stotra.vastucart.in/stotra/narasimha-ashtottara-shatanamavali	I,O
https://stotra.vastucart.in/stotra/mrityunjaya-stotram	I
https://stotra.vastucart.in/stotra/narasimha-dwadash-nama	I,O
https://stotra.vastucart.in/stotra/narada-bhakti-sutra-key-verses	I,O
https://stotra.vastucart.in/stotra/narasimha-gayatri-v2	I,O
https://stotra.vastucart.in/stotra/narasimha-pancharatnam	I
https://stotra.vastucart.in/stotra/narasimha-kavacham	I,O
https://stotra.vastucart.in/stotra/narayana-ashtakam	I,O
https://stotra.vastucart.in/stotra/nag-panchami-vrat-katha	I
https://stotra.vastucart.in/stotra/narasimha-panchamrita-stotram	I,O
https://stotra.vastucart.in/stotra/narayana-jyotirmaya-stotram	I,O
https://stotra.vastucart.in/stotra/narasimha-nakha-stuti	I,O
https://stotra.vastucart.in/stotra/narasimha-stuti-prahlada	I,O
https://stotra.vastucart.in/stotra/narasimha-aarti	I,O
https://stotra.vastucart.in/stotra/narasimha-sahasranama	I,O
https://stotra.vastucart.in/stotra/narasimha-gayatri	I,O
https://stotra.vastucart.in/stotra/narmada-stotram	I,O
https://stotra.vastucart.in/stotra/narayana-hridayam	I,O
https://stotra.vastucart.in/stotra/narasimha-stotram	I,O
https://stotra.vastucart.in/stotra/nasadiya-suktam	I,O
https://stotra.vastucart.in/stotra/narasimha-hridayam	I,O
https://stotra.vastucart.in/stotra/narayana-upanishad	I,O
https://stotra.vastucart.in/stotra/nava-durga-dhyanam	I,O
https://stotra.vastucart.in/stotra/nandi-stotram	I,O
https://stotra.vastucart.in/stotra/narasimha-mangalashtakam	I
https://stotra.vastucart.in/stotra/navadurga-kavacham	I,O
https://stotra.vastucart.in/stotra/navadurga-gayatri	I,O
https://stotra.vastucart.in/stotra/navagraha-kavach	I,O
https://stotra.vastucart.in/stotra/narsimha-chalisa	I,O
https://stotra.vastucart.in/stotra/narayana-kavacham	I,O
https://stotra.vastucart.in/stotra/navagraha-kavacham	I,O
https://stotra.vastucart.in/stotra/mangal-sahasranama	I,O
https://stotra.vastucart.in/stotra/narayana-suktam	I,O
https://stotra.vastucart.in/stotra/navagraha-stotram-brihaspati	I,O
https://stotra.vastucart.in/stotra/navarna-mantra-vidhana	I
https://stotra.vastucart.in/stotra/navratri-vrat-katha	I,O
https://stotra.vastucart.in/stotra/navagraha-gayatri	I,O
https://stotra.vastucart.in/stotra/navagraha-shanti-stotram	I,O
https://stotra.vastucart.in/stotra/navdurga-stotram	I,O
https://stotra.vastucart.in/stotra/navagraha-mantra	I
https://stotra.vastucart.in/stotra/nataraja-stotram	I,O
https://stotra.vastucart.in/stotra/naukari-prapti-stotram	I,O
https://stotra.vastucart.in/stotra/omkareshwar-stotram	I
https://stotra.vastucart.in/stotra/padmanabha-ashtakam	I,O
https://stotra.vastucart.in/stotra/navaratna-stotram	I,O
https://stotra.vastucart.in/stotra/nirvana-shatakam	I
https://stotra.vastucart.in/stotra/navagraha-stotra	I,O
https://stotra.vastucart.in/stotra/neelakanthesha-stotram	I,O
https://stotra.vastucart.in/stotra/om-jai-jagdish-hare	I
https://stotra.vastucart.in/stotra/parvati-ashtakam	I,O
https://stotra.vastucart.in/stotra/parvati-ashtottara-shatanamavali	I,O
https://stotra.vastucart.in/stotra/pancha-ratna-stotram	I,O
https://stotra.vastucart.in/stotra/padmavathi-stotram	I,O
https://stotra.vastucart.in/stotra/pancha-suktam	I,O
https://stotra.vastucart.in/stotra/panchayatana-puja-stotram	I,O
https://stotra.vastucart.in/stotra/pandurangashtakam	I,O
https://stotra.vastucart.in/stotra/panchamukhi-hanuman-kavach	I,O
https://stotra.vastucart.in/stotra/parvati-mangal	I,O
https://stotra.vastucart.in/stotra/niti-shatakam	I,O
https://stotra.vastucart.in/stotra/parashurama-stotram	I
https://stotra.vastucart.in/stotra/parvati-mangalashtakam	I
https://stotra.vastucart.in/stotra/pashupatinath-stotram	I
https://stotra.vastucart.in/stotra/parvati-chalisa	I,O
https://stotra.vastucart.in/stotra/parvati-hridayam	I,O
https://stotra.vastucart.in/stotra/pradosha-stotra	I,O
https://stotra.vastucart.in/stotra/parvati-sahasranama	I,O
https://stotra.vastucart.in/stotra/pavamana-suktam	I,O
https://stotra.vastucart.in/stotra/pratah-kaal-stotram	I
https://stotra.vastucart.in/stotra/parvati-kavacham	I,O
https://stotra.vastucart.in/stotra/parvati-stotram	I,O
https://stotra.vastucart.in/stotra/radha-ashtakam	I,O
https://stotra.vastucart.in/stotra/prithvi-suktam	I,O
https://stotra.vastucart.in/stotra/pratyangira-stotram	I
https://stotra.vastucart.in/stotra/prarthana-shloka-sangraha	I,O
https://stotra.vastucart.in/stotra/pitru-dosh-nivaran-stotram	I,O
https://stotra.vastucart.in/stotra/pratah-prarthana	I,O
https://stotra.vastucart.in/stotra/pradosh-vrat-katha	I,O
https://stotra.vastucart.in/stotra/panchamukhi-hanuman-kavacham	I,O
https://stotra.vastucart.in/stotra/narmada-ashtakam	I,O
https://stotra.vastucart.in/stotra/radha-stotram	I,O
https://stotra.vastucart.in/stotra/radha-kavacham	I,O
https://stotra.vastucart.in/stotra/purusha-suktam	I,O
https://stotra.vastucart.in/stotra/radha-hridayam	I,O
https://stotra.vastucart.in/stotra/prahlada-stuti	I,O
https://stotra.vastucart.in/stotra/radha-sahasranama	I,O
https://stotra.vastucart.in/stotra/raghunatha-ashtakam	I,O
https://stotra.vastucart.in/stotra/raghuveera-gadyam	I,O
https://stotra.vastucart.in/stotra/rahu-ketu-stotram	I,O
https://stotra.vastucart.in/stotra/rahu-dosh-nivaran-stotram	I,O
https://stotra.vastucart.in/stotra/radha-krishna-ashtakam	I
https://stotra.vastucart.in/stotra/purushashtakam	I,O
https://stotra.vastucart.in/stotra/radha-kripa-kataksha-stotram	I,O
https://stotra.vastucart.in/stotra/radha-mangalashtakam	I,O
https://stotra.vastucart.in/stotra/rahu-stotram	I,O
https://stotra.vastucart.in/stotra/raksha-bandhan-stotram	I,O
https://stotra.vastucart.in/stotra/radha-stuti	I
https://stotra.vastucart.in/stotra/pratah-smarana-stotram	I
https://stotra.vastucart.in/stotra/radha-chalisa	I,O
https://stotra.vastucart.in/stotra/rahu-kavacham	I,O
https://stotra.vastucart.in/stotra/ram-navami-vrat-katha	I
https://stotra.vastucart.in/stotra/rama-kavacham	I
https://stotra.vastucart.in/stotra/rahu-stotra	I,O
https://stotra.vastucart.in/stotra/rama-hridayam	I,O
https://stotra.vastucart.in/stotra/rama-gayatri	I,O
https://stotra.vastucart.in/stotra/ram-satsal	I
https://stotra.vastucart.in/stotra/ram-stuti	I,O
https://stotra.vastucart.in/stotra/ram-aarti	I,O
https://stotra.vastucart.in/stotra/rama-ashtottara-shatanamavali	I,O
https://stotra.vastucart.in/stotra/rama-ashtakam	I,O
https://stotra.vastucart.in/stotra/ranganatha-ashtakam	I,O
https://stotra.vastucart.in/stotra/ramraksha-stotra	I,O
https://stotra.vastucart.in/stotra/ram-chalisa	I,O
https://stotra.vastucart.in/stotra/rama-dwadash-nama	I,O
https://stotra.vastucart.in/stotra/ratri-suktam	I,O
https://stotra.vastucart.in/stotra/rudra-suktam	I,O
https://stotra.vastucart.in/stotra/ramayana-chopai	I,O
https://stotra.vastucart.in/stotra/rama-panchakam	I,O
https://stotra.vastucart.in/stotra/rameshwaram-stotram	I
https://stotra.vastucart.in/stotra/rama-pancharatnam	I,O
https://stotra.vastucart.in/stotra/rudram-chamakam-excerpt	I
https://stotra.vastucart.in/stotra/rudra-gayatri	I,O
https://stotra.vastucart.in/stotra/ravivar-vrat-katha	I,O
https://stotra.vastucart.in/stotra/rahu-sahasranama	I,O
https://stotra.vastucart.in/stotra/sai-aarti	I,O
https://stotra.vastucart.in/stotra/sai-baba-aarti-shej	I,O
https://stotra.vastucart.in/stotra/ratha-saptami-stotram	I
https://stotra.vastucart.in/stotra/rama-sahasranama	I,O
https://stotra.vastucart.in/stotra/rama-stotram	I,O
https://stotra.vastucart.in/stotra/sai-ashtakam	I,O
https://stotra.vastucart.in/stotra/sai-chalisa	I,O
https://stotra.vastucart.in/stotra/rin-mukti-stotram	I,O
https://stotra.vastucart.in/stotra/sai-kavacham	I,O
https://stotra.vastucart.in/stotra/sai-sahasranama	I,O
https://stotra.vastucart.in/stotra/sai-mangalashtakam	I
https://stotra.vastucart.in/stotra/rudrashtakam	I,O
https://stotra.vastucart.in/stotra/sai-baba-aarti-dhup	I,O
https://stotra.vastucart.in/stotra/sadhana-panchakam	I,O
https://stotra.vastucart.in/stotra/rukmini-mangalashtakam	I
https://stotra.vastucart.in/stotra/sankat-nashan-ganesh-stotra	I,O
https://stotra.vastucart.in/stotra/sai-stotram	I,O
https://stotra.vastucart.in/stotra/santoshi-mata-chalisa	I
https://stotra.vastucart.in/stotra/sankat-mochan-hanuman-ashtak	I,O
https://stotra.vastucart.in/stotra/sandhya-vandana	I,O
https://stotra.vastucart.in/stotra/santoshi-mata-vrat-katha	I
https://stotra.vastucart.in/stotra/saraswati-ashtakam	I
https://stotra.vastucart.in/stotra/santan-gopala-stotram	I,O
https://stotra.vastucart.in/stotra/saptashloki-gita	I,O
https://stotra.vastucart.in/stotra/santan-lakshmi-stotram	I,O
https://stotra.vastucart.in/stotra/saraswati-dwadash-nama	I,O
https://stotra.vastucart.in/stotra/saraswati-kavacham	I,O
https://stotra.vastucart.in/stotra/santoshi-mata-aarti	I,O
https://stotra.vastucart.in/stotra/saraswati-sahasranama	I,O
https://stotra.vastucart.in/stotra/santan-gopala-mantra	I
https://stotra.vastucart.in/stotra/saraswati-gayatri	I,O
https://stotra.vastucart.in/stotra/saraswati-aarti	I,O
https://stotra.vastucart.in/stotra/saraswati-pancharatnam	I
https://stotra.vastucart.in/stotra/saraswati-chalisa	I,O
https://stotra.vastucart.in/stotra/saraswati-panchakam	I,O
https://stotra.vastucart.in/stotra/santan-prapti-stotram	I,O
https://stotra.vastucart.in/stotra/saraswati-suktam	I,O
https://stotra.vastucart.in/stotra/saraswati-hridayam	I,O
https://stotra.vastucart.in/stotra/saraswati-mangalashtakam	I
https://stotra.vastucart.in/stotra/saraswati-ashtottara-shatanamavali	I,O
https://stotra.vastucart.in/stotra/sarva-karya-siddhi-stotram	I,O
https://stotra.vastucart.in/stotra/satyanarayan-katha	I
https://stotra.vastucart.in/stotra/saraswati-rahasya-stotram	I,O
https://stotra.vastucart.in/stotra/satyanarayan-aarti	I
https://stotra.vastucart.in/stotra/saraswati-stotram	I,O
https://stotra.vastucart.in/stotra/saraswati-vandana	I,O
https://stotra.vastucart.in/stotra/satyanarayan-chalisa	I,O
https://stotra.vastucart.in/stotra/rama-mangalashtakam	I,O
https://stotra.vastucart.in/stotra/savitri-stotra	I,O
https://stotra.vastucart.in/stotra/shani-ashtottara-shatanamavali	I,O
https://stotra.vastucart.in/stotra/sarva-devata-stotram	I
https://stotra.vastucart.in/stotra/saraswati-stuti	I,O
https://stotra.vastucart.in/stotra/sarpa-dosha-nivaran-stotram	I,O
https://stotra.vastucart.in/stotra/satyanarayan-stotram	I
https://stotra.vastucart.in/stotra/savitri-gayatri-extended	I,O
https://stotra.vastucart.in/stotra/shani-dashrath-stotram	I,O
https://stotra.vastucart.in/stotra/sarva-mangala-stotram	I
https://stotra.vastucart.in/stotra/shani-kavacham	I,O
https://stotra.vastucart.in/stotra/shani-mangalashtakam	I,O
https://stotra.vastucart.in/stotra/shakti-panchakam	I,O
https://stotra.vastucart.in/stotra/saubhagya-lakshmi-stotram	I,O
https://stotra.vastucart.in/stotra/shani-aarti	I
https://stotra.vastucart.in/stotra/shani-stotram-dasharatha	I,O
https://stotra.vastucart.in/stotra/shani-sahasranama	I,O
https://stotra.vastucart.in/stotra/shailputri-stotram	I,O
https://stotra.vastucart.in/stotra/shakambhari-stotram	I,O
https://stotra.vastucart.in/stotra/shani-hridayam	I,O
https://stotra.vastucart.in/stotra/shani-chalisa	I,O
https://stotra.vastucart.in/stotra/shani-mahatmya	I
https://stotra.vastucart.in/stotra/shani-vajrapanjara-kavach	I,O
https://stotra.vastucart.in/stotra/shanmukha-gayatri	I,O
https://stotra.vastucart.in/stotra/shani-stotra	I,O
https://stotra.vastucart.in/stotra/sharanu-ghosha	I
https://stotra.vastucart.in/stotra/shatpadi-stotram	I,O
https://stotra.vastucart.in/stotra/sharabha-stotram	I,O
https://stotra.vastucart.in/stotra/sharanagati-gadyam	I,O
https://stotra.vastucart.in/stotra/shankaracharya-ashtakam	I
https://stotra.vastucart.in/stotra/shanivar-vrat-katha	I,O
https://stotra.vastucart.in/stotra/shani-pancharatnam	I,O
https://stotra.vastucart.in/stotra/shanmukha-stotram	I,O
https://stotra.vastucart.in/stotra/shiv-aparadh-kshamapana-stotram	I,O
https://stotra.vastucart.in/stotra/shanti-path	I
https://stotra.vastucart.in/stotra/shiv-kavach	I,O
https://stotra.vastucart.in/stotra/shatru-nashak-stotram	I
https://stotra.vastucart.in/stotra/shayan-prarthana	I,O
https://stotra.vastucart.in/stotra/shani-gayatri	I,O
https://stotra.vastucart.in/stotra/shiv-manasa-puja	I
https://stotra.vastucart.in/stotra/shiv-mahimna-stotram	I
https://stotra.vastucart.in/stotra/shiv-sahasranama-stotram	I,O
https://stotra.vastucart.in/stotra/shiv-shadakshara-stotram	I,O
https://stotra.vastucart.in/stotra/sharad-purnima-vrat-katha	I,O
https://stotra.vastucart.in/stotra/shiv-chalisa	I
https://stotra.vastucart.in/stotra/shiv-aarti	I,O
https://stotra.vastucart.in/stotra/shiv-stuti	I
https://stotra.vastucart.in/stotra/shiv-panchakam	I
https://stotra.vastucart.in/stotra/shiva-ashtottara-shatanamavali	I,O
https://stotra.vastucart.in/stotra/shiv-panchakshar-dhun	I
https://stotra.vastucart.in/stotra/shiv-panchakshara-stotram	I,O
https://stotra.vastucart.in/stotra/sheetala-mata-aarti	I,O
https://stotra.vastucart.in/stotra/shiva-gayatri	I
https://stotra.vastucart.in/stotra/shiva-dhyanam	I,O
https://stotra.vastucart.in/stotra/shiv-tandav-stotram	I
https://stotra.vastucart.in/stotra/shiva-ashtakam-prabhu	I,O
https://stotra.vastucart.in/stotra/shiva-mangalashtakam	I,O
https://stotra.vastucart.in/stotra/shiva-namavali-ashtakam	I,O
https://stotra.vastucart.in/stotra/shiva-aparadha-stotram	I,O
https://stotra.vastucart.in/stotra/shiva-ashtamurti-stotram	I,O
https://stotra.vastucart.in/stotra/shiva-panchavaktra-stotram	I,O
https://stotra.vastucart.in/stotra/shiva-stuti-ramayana	I,O
https://stotra.vastucart.in/stotra/shiva-raksha-stotram	I,O
https://stotra.vastucart.in/stotra/shiva-dwadash-nama	I,O
https://stotra.vastucart.in/stotra/shodasha-ganapati-stotram	I,O
https://stotra.vastucart.in/stotra/shraddha-mantras	I,O
https://stotra.vastucart.in/stotra/shodashi-stotram	I,O
https://stotra.vastucart.in/stotra/shiva-tandava-dhun	I,O
https://stotra.vastucart.in/stotra/shiva-ashtottara-stotram	I,O
https://stotra.vastucart.in/stotra/shri-hari-stuti	I,O
https://stotra.vastucart.in/stotra/shiva-tatva-stotram	I
https://stotra.vastucart.in/stotra/shivananda-lahari-excerpt	I
https://stotra.vastucart.in/stotra/shiva-pancharatnam	I,O
https://stotra.vastucart.in/stotra/shri-krishna-sharanam-mamah	I,O
https://stotra.vastucart.in/stotra/shivashtakam	I
https://stotra.vastucart.in/stotra/shrinathji-stotram	I,O
https://stotra.vastucart.in/stotra/shiva-hridayam	I,O
https://stotra.vastucart.in/stotra/shuka-stuti	I
https://stotra.vastucart.in/stotra/shivananda-lahari	I
https://stotra.vastucart.in/stotra/shukra-sahasranama	I,O
https://stotra.vastucart.in/stotra/shrinathji-chalisa	I,O
https://stotra.vastucart.in/stotra/shruti-gita	I
https://stotra.vastucart.in/stotra/shukra-stotra	I,O
https://stotra.vastucart.in/stotra/shyama-sundara-stotram	I
https://stotra.vastucart.in/stotra/shukravar-vrat-katha	I,O
https://stotra.vastucart.in/stotra/shvetashvatara-upanishad-key-verses	I,O
https://stotra.vastucart.in/stotra/shiv-dashakam	I,O
https://stotra.vastucart.in/stotra/shrinathji-aarti	I,O
https://stotra.vastucart.in/stotra/siddha-kunjika-stotram	I,O
https://stotra.vastucart.in/stotra/shri-suktam	I,O
https://stotra.vastucart.in/stotra/shukra-stotram	I,O
https://stotra.vastucart.in/stotra/sita-ashtakam	I,O
https://stotra.vastucart.in/stotra/siddhi-vinayak-stotram	I,O
https://stotra.vastucart.in/stotra/sita-ram-stuti	I,O
https://stotra.vastucart.in/stotra/sita-chalisa	I,O
https://stotra.vastucart.in/stotra/sita-stotram	I,O
https://stotra.vastucart.in/stotra/sita-sahasranama	I,O
https://stotra.vastucart.in/stotra/shukra-kavacham	I,O
https://stotra.vastucart.in/stotra/skandamata-stotram	I
https://stotra.vastucart.in/stotra/shiv-bhujanga-stotram	I
https://stotra.vastucart.in/stotra/shyamala-dandakam	I,O
https://stotra.vastucart.in/stotra/soma-suktam	I
https://stotra.vastucart.in/stotra/siddhidatri-stotram	I
https://stotra.vastucart.in/stotra/somnath-stotram	I,O
https://stotra.vastucart.in/stotra/skanda-sashti-kavacham	I
https://stotra.vastucart.in/stotra/somvar-vrat-katha	I,O
https://stotra.vastucart.in/stotra/sita-mangalashtakam	I,O
https://stotra.vastucart.in/stotra/sita-hridayam	I,O
https://stotra.vastucart.in/stotra/subhashita-ratnavali	I,O
https://stotra.vastucart.in/stotra/subrahmanya-ashtakam	I
https://stotra.vastucart.in/stotra/sri-stuti	I
https://stotra.vastucart.in/stotra/sita-kavacham	I,O
https://stotra.vastucart.in/stotra/subrahmanya-kavacham	I,O
https://stotra.vastucart.in/stotra/sri-rudram-namakam	I,O
https://stotra.vastucart.in/stotra/sri-yantra-stotram	I
https://stotra.vastucart.in/stotra/subrahmanya-bhujangam	I
https://stotra.vastucart.in/stotra/shiv-sankalpa-suktam	I
https://stotra.vastucart.in/stotra/soundarya-lahari-excerpt	I
https://stotra.vastucart.in/stotra/surya-ashtakam	I,O
https://stotra.vastucart.in/stotra/surya-dvadash-nama	I,O
https://stotra.vastucart.in/stotra/subrahmanya-gayatri	I
https://stotra.vastucart.in/stotra/surya-hridayam	I,O
https://stotra.vastucart.in/stotra/surya-gayatri	I,O
https://stotra.vastucart.in/stotra/soundarya-lahari	I
https://stotra.vastucart.in/stotra/surya-chalisa	I,O
https://stotra.vastucart.in/stotra/sudarshana-ashtakam	I,O
https://stotra.vastucart.in/stotra/sundarkand-hanuman-stuti	I,O
https://stotra.vastucart.in/stotra/sri-suktam	I
https://stotra.vastucart.in/stotra/sri-venkatesha-mangalashasanam	I,O
https://stotra.vastucart.in/stotra/sundarkand-full-path	I,O
https://stotra.vastucart.in/stotra/surya-kavacham	I,O
https://stotra.vastucart.in/stotra/surya-pancharatnam	I,O
https://stotra.vastucart.in/stotra/tattva-bodha-key-verses	I,O
https://stotra.vastucart.in/stotra/surya-ashtottara-shatanamavali	I,O
https://stotra.vastucart.in/stotra/surya-mangalashtakam	I
https://stotra.vastucart.in/stotra/tara-kavacham	I,O
https://stotra.vastucart.in/stotra/surdas-pad-key-verses	I
https://stotra.vastucart.in/stotra/thiruppavai	I
https://stotra.vastucart.in/stotra/surya-sahasranama-full	I,O
https://stotra.vastucart.in/stotra/surya-mandala-stotram	I
https://stotra.vastucart.in/stotra/surya-namaskar-mantra	I
https://stotra.vastucart.in/stotra/taittiriya-upanishad-shiksha-valli	I,O
https://stotra.vastucart.in/stotra/thiruchendur-stotram	I
https://stotra.vastucart.in/stotra/trimbakeshwar-stotram	I,O
https://stotra.vastucart.in/stotra/tirupati-stotram	I,O
https://stotra.vastucart.in/stotra/surya-stotram	I,O
https://stotra.vastucart.in/stotra/trayodash-shiv-naam	I,O
https://stotra.vastucart.in/stotra/tripura-sundari-ashtakam	I,O
https://stotra.vastucart.in/stotra/suryopasana-stotram	I
https://stotra.vastucart.in/stotra/totakashtakam	I,O
https://stotra.vastucart.in/stotra/tukaram-abhanga-key-verses	I
https://stotra.vastucart.in/stotra/tripura-sundari-pancharatnam	I,O
https://stotra.vastucart.in/stotra/tulsi-aarti	I,O
https://stotra.vastucart.in/stotra/tulsi-stotram	I,O
https://stotra.vastucart.in/stotra/uddhava-gita-key-verses	I,O
https://stotra.vastucart.in/stotra/tripura-sundari-sahasranama	I,O
https://stotra.vastucart.in/stotra/tripura-sundari-kavacham	I
https://stotra.vastucart.in/stotra/vaibhava-lakshmi-vrat-katha	I,O
https://stotra.vastucart.in/stotra/tara-stotram	I,O
https://stotra.vastucart.in/stotra/tripura-sundari-stotram	I,O
https://stotra.vastucart.in/stotra/vaishno-devi-aarti	I,O
https://stotra.vastucart.in/stotra/ugra-narasimha-stotram	I
https://stotra.vastucart.in/stotra/vaishno-devi-chalisa	I
https://stotra.vastucart.in/stotra/vaidyanath-stotram	I
https://stotra.vastucart.in/stotra/tulsi-vivah-katha	I,O
https://stotra.vastucart.in/stotra/vairagya-sandipani	I,O
https://stotra.vastucart.in/stotra/uma-maheshwara-stotram	I
https://stotra.vastucart.in/stotra/vairagya-shatakam	I
https://stotra.vastucart.in/stotra/tulsi-vivah-stotram	I,O
https://stotra.vastucart.in/stotra/tripurantaka-stotram	I,O
https://stotra.vastucart.in/stotra/ushas-suktam	I,O
https://stotra.vastucart.in/stotra/vallabhacharya-ashtakam	I
https://stotra.vastucart.in/stotra/varuna-suktam	I,O
https://stotra.vastucart.in/stotra/uma-stuti	I
https://stotra.vastucart.in/stotra/vastu-purusha-stotram	I
https://stotra.vastucart.in/stotra/vasudeva-ashtakam	I,O
https://stotra.vastucart.in/stotra/vakratunda-mahakaya	I,O
https://stotra.vastucart.in/stotra/varalakshmi-stotram	I
https://stotra.vastucart.in/stotra/vamana-stotram	I,O
https://stotra.vastucart.in/stotra/varaha-stotram	I,O
https://stotra.vastucart.in/stotra/vayu-dwadash-nama	I,O
https://stotra.vastucart.in/stotra/vayu-ashtakam	I,O
https://stotra.vastucart.in/stotra/vasudeva-stotram	I
https://stotra.vastucart.in/stotra/vastu-purusha-gayatri	I
https://stotra.vastucart.in/stotra/vat-savitri-vrat-katha	I
https://stotra.vastucart.in/stotra/vastu-shanti-stotram	I
https://stotra.vastucart.in/stotra/vayu-kavacham	I,O
https://stotra.vastucart.in/stotra/vastu-dosh-nivaran-mantra	I,O
https://stotra.vastucart.in/stotra/vayu-suktam	I,O
https://stotra.vastucart.in/stotra/vashikaran-nivaran-stotram	I,O
https://stotra.vastucart.in/stotra/venkateswara-stotram	I
https://stotra.vastucart.in/stotra/venkatesha-prapatti	I,O
https://stotra.vastucart.in/stotra/vat-savitri-vrat-mantra	I,O
https://stotra.vastucart.in/stotra/vidya-prapti-stotram	I,O
https://stotra.vastucart.in/stotra/vayu-gayatri	I,O
https://stotra.vastucart.in/stotra/vindyeshwari-chalisa	I
https://stotra.vastucart.in/stotra/vinay-patrika-key-verses	I,O
https://stotra.vastucart.in/stotra/vindhyavasini-stotram	I
https://stotra.vastucart.in/stotra/vinayaka-chaturthi-vrat-katha	I,O
https://stotra.vastucart.in/stotra/vayu-stuti	I
https://stotra.vastucart.in/stotra/vayu-stotram	I,O
https://stotra.vastucart.in/stotra/virupaksha-stotram	I
https://stotra.vastucart.in/stotra/vishnu-ashtakam	I,O
https://stotra.vastucart.in/stotra/vishnu-aarti	I,O
https://stotra.vastucart.in/stotra/vishnu-bhujanga-stotram	I,O
https://stotra.vastucart.in/stotra/vishnu-dhyanam	I,O
https://stotra.vastucart.in/stotra/surya-sahasranama-dhyanam	I,O
https://stotra.vastucart.in/stotra/vishnu-ashtottara-shatanamavali	I,O
https://stotra.vastucart.in/stotra/vishnu-gayatri	I
https://stotra.vastucart.in/stotra/venugeet	I
https://stotra.vastucart.in/stotra/vishnu-hridayam	I,O
https://stotra.vastucart.in/stotra/vishnu-kavacham	I,O
https://stotra.vastucart.in/stotra/vishnu-dwadash-nama	I,O
https://stotra.vastucart.in/stotra/vishnu-panjara-stotram	I
https://stotra.vastucart.in/stotra/venkateswara-suprabhatam	I,O
https://stotra.vastucart.in/stotra/vishnu-mangala-stotram	I,O
https://stotra.vastucart.in/stotra/vishnu-sahasranama-phala-shruti	I,O
https://stotra.vastucart.in/stotra/vishnu-mangalashtakam	I
https://stotra.vastucart.in/stotra/vishnu-sahasranama	I,O
https://stotra.vastucart.in/stotra/vishnu-pancharatnam	I,O
https://stotra.vastucart.in/stotra/vishnu-chalisa	I,O
https://stotra.vastucart.in/stotra/vishnu-suktam	I,O
https://stotra.vastucart.in/stotra/vishnu-sahasranama-dhyanam	I,O
https://stotra.vastucart.in/stotra/vishwakarma-aarti	I,O
https://stotra.vastucart.in/stotra/vishwakarma-chalisa	I
https://stotra.vastucart.in/stotra/vishnu-shodasha-nama	I,O
https://stotra.vastucart.in/stotra/vishnu-stuti	I,O
https://stotra.vastucart.in/stotra/vitthal-aarti	I,O
https://stotra.vastucart.in/stotra/vitthal-chalisa	I,O
https://stotra.vastucart.in/stotra/vitthal-kavacham	I,O
https://stotra.vastucart.in/stotra/vitthal-stotram	I,O
https://stotra.vastucart.in/stotra/vishwanatha-ashtakam	I
https://stotra.vastucart.in/stotra/vishnu-stotram	I,O
https://stotra.vastucart.in/stotra/vitthal-sahasranama	I,O
https://stotra.vastucart.in/stotra/vishnu-padadikeshanta-stotram	I,O
https://stotra.vastucart.in/stotra/vitthal-ashtakam	I,O
https://stotra.vastucart.in/terms	H
https://stotra.vastucart.in/stotra/yoga-vasishtha-key-verses	I,O
https://stotra.vastucart.in/stotra/vrindavan-stuti	I,O
https://stotra.vastucart.in/stotra/yamunashtak	I
https://stotra.vastucart.in/stotra/vivekachudamani-key-verses	I,O
https://stotra.vastucart.in/stotra/vivaha-prapti-stotram	I,O
https://stotra.vastucart.in/stotra/vivaha-panchami-stotram	I
https://stotra.vastucart.in/stotra/yamuna-stotram	I,O
https://stotra.vastucart.in/stotra/vivaha-mantras	I,O
https://stotra.vastucart.in/stotra/vishnu-shodashopachara-puja	I,O
https://stotra.vastucart.in/vrat-katha	I,O
https://stotra.vastucart.in/stotra/vedasara-shiva-stotram	I
https://stotra.vastucart.in/today	I
